question_id,r@1,r@3,r@5,r@10,r@15,contexts,ground_truth
1,0,0,0,0,0,7-41-590-1|7-41-590-2|5-31-591-1|5-31-591-3|5-31-591-2|9-50-580-2|9-51-582-1|7-41-569-7|9-50-580-3|9-50-580-1|9-52-585-3|9-52-366-1|9-51-364-1|9-51-582-2|9-52-585-1,8-47-1776-2
2,0,0,0,0,0,7-41-590-1|1-87-1085-1|2-21-558-1|5-31-591-1|7-41-590-2|9-50-580-3|5-31-591-3|10-58-560-2|2-21-564-3|9-50-580-2|10-58-560-1|9-52-585-3|9-50-580-1|5-31-591-2|10-58-560-6,8-47-817-2
3,0,0,0,0,0,2-21-558-1|7-41-590-1|10-58-559-5|1-87-1085-1|10-58-560-2|8-47-1342-1|10-58-560-1|10-58-559-3|1-87-1481-2|2-21-557-2|8-47-1348-3|7-41-569-3|10-58-560-4|10-58-559-2|10-58-560-6,8-44-927-3
4,0,0,0,0,0,7-41-590-1|10-58-560-2|2-21-558-1|10-58-560-1|10-58-559-3|10-58-559-5|9-50-580-3|10-58-560-6|9-52-585-3|2-21-557-2|2-21-564-4|10-58-560-4|2-21-564-3|7-41-575-2|10-58-559-2,8-47-1320-2
5,0,0,0,0,0,7-41-590-1|2-21-564-3|10-58-560-2|10-58-560-1|2-21-558-1|10-58-560-6|10-58-560-4|2-21-564-7|10-58-560-3|10-58-559-5|2-21-557-2|2-21-556-2|10-58-559-3|2-21-564-4|7-41-569-3,8-48-1350-2
6,0,0,0,0,0,2-21-564-5|10-58-560-3|2-21-564-7|2-21-564-4|2-21-564-6|2-21-564-3|10-58-560-2|3-25-567-3|2-21-564-1|2-21-564-2|10-57-565-1|5-31-591-3|7-41-575-2|10-58-559-5|7-41-590-2,8-48-686-1
7,0,0,0,0,0,7-41-590-1|2-21-564-1|2-21-564-3|2-21-564-4|10-58-560-2|7-41-590-2|10-58-560-1|2-21-564-5|1-87-1085-1|2-21-564-6|5-31-591-1|2-21-558-1|2-21-564-7|7-41-569-3|9-50-580-3,8-47-1264-3
8,0,0,0,0,0,7-41-590-1|1-87-1085-1|2-21-564-3|10-58-560-2|10-58-560-1|2-21-564-5|2-21-564-4|9-50-580-3|2-21-557-2|5-31-591-1|2-21-564-1|5-31-591-3|9-50-580-2|2-21-558-1|7-41-590-2,8-47-1307-1
9,0,0,0,0,0,10-58-560-2|10-58-559-5|7-41-590-1|10-58-560-1|10-58-559-3|2-21-558-1|10-58-560-6|10-58-559-2|1-87-1085-1|2-21-557-2|10-58-560-4|9-50-580-3|10-58-560-3|2-21-556-2|10-58-559-7,8-44-929-1
10,0,0,0,0,0,7-41-590-1|2-21-558-1|2-21-564-4|2-21-564-3|2-21-564-5|10-58-560-2|9-50-580-3|10-58-560-1|2-21-564-6|2-21-564-1|9-52-585-3|9-50-580-1|2-21-564-7|10-58-559-5|8-45-563-1,8-48-691-2
11,0,0,0,0,0,6-38-589-5|10-58-560-2|3-25-567-1|2-21-558-1|6-38-588-12|10-58-560-3|10-58-560-6|6-38-589-4|10-57-565-7|2-22-700-4|10-57-565-1|9-50-580-3|6-38-589-6|3-25-567-3|6-38-588-9,8-48-829-2
12,0,0,0,0,0,1-87-1085-1|10-58-559-3|10-58-560-2|10-58-560-6|10-58-559-5|10-58-560-1|10-58-559-2|2-21-558-1|2-21-557-2|4-97-1481-2|10-58-560-4|1-87-1481-2|1-87-1481-3|2-21-556-2|10-58-559-7,8-44-927-2
13,0,0,0,0,0,2-21-558-1|7-41-590-1|9-52-585-3|9-52-585-2|8-47-1342-1|2-21-557-2|7-41-575-2|10-58-560-2|2-21-557-3|9-52-585-1|10-58-559-5|8-47-1348-1|2-21-556-2|6-38-589-5|7-41-569-3,8-48-1562-2
14,0,1,1,1,1,8-47-1263-2|8-47-1638-1|8-47-1263-3|8-47-1262-2|8-47-1262-3|8-47-1264-4|8-47-1265-2|8-47-1264-2|10-58-560-2|8-47-1264-3|8-47-1265-3|7-41-590-1|10-58-560-3|8-47-1348-3|2-21-558-1,8-47-1263-3
15,0,0,0,0,0,7-41-590-1|7-41-590-2|5-31-591-1|1-87-1085-1|5-31-591-3|9-50-580-3|2-21-557-2|5-31-591-2|7-41-569-7|9-50-580-2|2-21-558-1|7-41-569-2|2-21-557-1|1-87-1481-3|10-58-560-1,8-47-1768-2
16,0,0,0,0,0,7-41-590-1|1-87-1085-1|2-21-557-2|10-58-560-1|10-58-560-2|2-21-564-3|2-21-558-1|2-21-557-1|5-31-591-1|10-58-560-6|2-21-564-7|2-21-564-1|10-58-560-4|8-45-563-1|2-21-564-4,8-47-1768-1
17,0,0,0,0,0,10-58-560-2|10-58-560-1|7-41-590-1|2-21-564-3|10-58-559-5|10-58-560-4|10-58-560-3|2-21-558-1|10-58-559-3|10-58-560-6|2-21-557-2|2-21-564-4|1-87-1085-1|10-58-559-2|2-21-564-5,8-47-693-2
18,0,0,0,0,0,7-41-590-1|5-31-591-1|2-21-564-3|10-58-560-1|10-58-560-2|2-21-564-1|2-21-564-4|2-21-557-2|10-58-560-6|7-41-590-2|7-41-569-3|2-21-564-7|2-21-558-1|2-21-564-6|1-87-1085-1,8-44-1270-3
19,0,0,0,0,0,8-47-1324-2|8-47-1320-3|8-47-1306-1|7-41-590-1|8-44-1325-1|8-47-1284-2|8-47-1307-3|8-47-1324-1|8-47-1307-1|5-31-1323-1|8-48-1308-1|5-31-1326-1|8-47-1307-2|9-50-580-2|9-50-580-3,8-47-1321-1
20,0,0,0,0,0,2-21-558-1|10-58-559-5|7-41-590-1|10-58-559-3|10-58-560-2|10-58-560-1|10-58-559-2|2-21-561-3|2-21-557-2|10-58-559-7|2-21-564-4|10-58-559-4|2-21-561-4|10-58-560-4|10-58-560-3,8-48-697-2
21,0,0,0,0,0,3-25-567-3|3-25-567-1|7-41-575-2|10-58-559-6|7-41-590-2|10-58-559-5|7-41-575-4|2-21-558-1|10-57-565-12|7-41-569-7|10-58-560-4|7-41-590-1|7-41-575-3|10-58-560-3|2-21-556-6,8-47-817-1
22,0,0,0,0,0,8-47-1254-1|7-41-590-1|2-21-557-2|2-22-700-4|5-31-591-1|8-47-1252-1|2-21-557-1|2-21-558-1|10-58-560-2|7-41-590-2|8-47-1348-3|10-58-560-1|5-31-591-2|2-21-2274-2|5-31-591-3,8-47-1259-1
23,0,0,0,0,0,7-41-575-2|7-41-569-7|3-25-567-3|7-41-590-2|3-25-567-1|7-41-575-3|7-41-575-1|7-41-590-1|7-41-569-6|7-41-575-4|7-41-569-1|9-52-585-1|7-41-569-4|7-41-569-3|10-65-587-2,8-47-1776-1
24,0,0,0,0,0,7-41-590-1|10-58-560-2|10-58-560-1|10-58-560-6|7-41-569-3|10-58-560-4|2-21-564-3|10-58-559-5|10-58-559-3|2-21-558-1|1-87-1085-1|5-31-591-1|10-58-560-3|10-58-559-2|7-41-575-2,8-46-827-1
25,0,1,1,1,1,8-47-1254-1|8-47-1252-1|8-47-1259-1|8-47-1222-1|8-47-1258-1|8-47-1348-3|7-41-590-1|8-47-1348-2|2-21-558-1|2-21-557-2|7-41-590-2|5-31-591-1|2-21-557-1|2-21-2274-2|10-58-560-2,8-47-1252-1
26,0,0,0,0,0,8-47-1263-2|8-47-1638-1|8-47-1263-3|8-47-1262-2|8-47-1262-3|8-47-1264-4|8-47-1265-2|8-47-1264-2|8-47-1264-3|10-58-560-2|7-41-590-1|8-47-1265-3|10-58-559-5|7-41-575-2|10-58-560-3,8-47-1264-1
27,0,0,0,0,0,2-21-558-1|7-41-590-1|1-87-1481-3|1-87-1085-1|1-87-1481-2|8-47-1342-1|7-41-569-3|9-52-366-1|2-22-700-4|7-41-569-1|6-86-691-2|3-25-567-3|7-41-569-7|3-25-567-1|4-91-613-1,8-47-699-1
28,0,0,0,0,0,6-38-589-5|6-38-589-4|7-41-590-1|6-38-589-6|6-38-589-3|8-47-1348-3|7-41-590-2|10-58-560-2|10-58-560-1|2-21-558-1|8-47-1348-4|2-21-557-1|2-21-557-2|2-21-564-3|10-58-560-6,8-48-829-1
29,0,0,0,0,0,7-41-590-1|2-21-558-1|10-58-560-2|10-58-559-5|10-58-560-1|10-58-559-3|7-41-575-2|2-21-557-2|2-21-564-3|7-41-569-3|10-58-560-6|10-58-560-4|7-41-571-2|5-31-591-3|10-58-559-2,8-45-563-6
30,0,0,0,0,0,7-41-590-1|8-47-1263-2|2-21-564-1|2-21-564-4|2-21-564-3|2-21-564-5|8-47-1263-3|8-47-1638-1|2-21-564-6|7-41-590-2|10-58-560-2|2-21-564-7|2-21-564-2|7-41-575-2|8-47-1262-3,8-47-1264-2
31,0,0,0,0,0,1-87-1085-1|10-58-560-2|7-41-590-1|10-58-559-5|2-21-558-1|10-58-559-3|3-25-567-1|2-21-557-2|10-58-560-1|10-58-560-6|10-58-559-7|2-21-556-2|8-47-1348-3|5-31-591-3|5-31-591-1,8-47-1284-1
32,0,0,0,0,0,7-41-590-1|2-21-558-1|10-58-560-2|10-58-559-5|10-58-560-1|1-87-1085-1|10-58-559-3|5-31-591-3|2-21-564-3|10-58-560-6|5-31-591-1|2-21-557-2|10-58-560-4|10-58-559-7|10-58-560-3,8-47-1206-1
33,0,0,0,0,0,6-38-589-4|6-38-589-6|6-38-589-5|6-38-589-3|7-41-590-1|1-87-1085-1|6-38-588-8|10-58-560-1|10-58-560-2|10-58-560-6|11-67-1345-1|8-47-1348-3|2-21-564-3|2-21-558-1|8-47-1348-4,8-48-1563-1
34,0,0,0,0,0,7-41-590-1|1-87-1085-1|5-31-591-1|2-21-557-2|10-58-560-1|7-41-590-2|10-58-560-2|1-87-1481-3|4-97-1481-4|5-31-591-3|2-21-557-1|2-21-558-1|10-58-560-6|2-21-564-3|8-47-1348-3,8-44-1327-3
35,0,0,0,0,0,5-31-591-3|10-58-560-3|10-58-559-5|7-41-590-1|7-41-575-3|10-58-560-2|10-58-559-3|7-41-575-2|1-87-1085-1|7-41-569-7|10-58-559-7|9-50-580-3|2-21-564-5|2-21-556-2|2-21-557-2,8-47-1770-1
36,0,0,0,0,0,7-41-590-1|5-31-591-1|7-41-590-2|10-58-560-1|10-58-560-2|10-58-560-6|2-21-557-2|7-43-574-1|6-38-589-4|5-31-591-2|2-21-564-3|6-38-589-6|2-21-557-1|10-58-560-4|5-31-591-3,8-47-1344-1
37,0,0,0,1,1,8-47-1324-2|8-47-1320-3|8-47-1324-1|5-31-1323-1|8-47-1306-1|7-41-590-1|8-47-1307-3|8-47-1284-2|8-47-1307-1|8-47-1307-2|8-44-1325-1|5-31-1326-1|8-47-1322-1|8-48-1308-1|9-50-580-3,8-47-1307-2
38,0,0,0,0,0,7-41-590-1|2-21-558-1|10-58-559-3|10-58-560-2|10-58-559-5|10-58-560-1|1-87-1085-1|9-50-580-3|10-58-559-2|7-41-575-2|2-21-557-2|7-41-569-3|10-58-560-6|10-58-560-4|5-31-591-1,8-44-929-2
39,0,0,0,0,0,7-41-590-1|10-58-560-1|2-21-557-2|10-58-560-2|10-58-560-6|10-58-559-3|10-58-559-2|10-58-559-5|2-21-556-2|2-21-558-1|9-52-585-3|7-41-569-3|10-58-559-7|1-87-1085-1|10-58-560-4,8-47-1893-1
40,0,0,0,0,0,2-21-558-1|7-41-590-1|10-58-560-2|10-58-560-1|10-58-560-6|10-58-559-5|10-58-559-3|3-25-567-3|7-41-569-3|10-57-565-12|10-58-560-4|2-21-564-3|2-21-557-2|10-57-565-1|2-21-556-2,8-47-1320-3
41,0,0,0,0,0,10-58-559-3|10-58-559-7|10-58-559-5|10-58-559-2|2-21-557-2|10-58-560-2|10-58-560-1|10-58-560-6|10-58-560-3|10-58-559-4|8-47-1348-3|2-21-561-3|10-58-560-4|2-21-556-3|2-21-556-2,8-44-1269-6
42,0,0,0,0,0,7-41-590-1|10-58-560-2|1-87-1085-1|10-58-559-5|10-58-560-1|2-21-558-1|10-58-559-3|10-58-560-4|7-41-569-3|10-58-560-6|5-31-591-1|10-58-559-2|1-87-1481-3|7-41-575-2|7-41-569-6,8-47-1262-3
43,0,0,0,0,0,7-41-590-1|2-21-558-1|1-87-1085-1|2-21-564-3|10-58-560-2|10-58-560-1|2-21-564-5|9-50-580-3|2-21-564-4|2-21-557-2|10-58-560-4|5-31-591-1|2-21-564-7|5-31-591-3|2-21-564-6,8-47-1775-1
44,0,0,0,0,0,7-41-590-1|2-21-564-3|5-31-591-1|7-41-590-2|2-21-564-1|1-87-1085-1|10-58-560-2|10-58-560-1|2-21-557-2|2-21-564-7|2-21-564-4|7-41-569-3|7-41-569-2|2-21-564-6|2-21-564-5,8-47-692-2
45,0,0,0,0,0,7-41-590-1|2-21-558-1|2-21-564-3|10-58-560-2|10-58-559-5|7-41-569-3|2-21-564-4|10-58-560-1|2-21-564-5|10-58-559-3|10-58-560-3|2-21-564-1|2-21-564-6|2-21-564-7|2-21-556-2,8-48-691-1
46,0,0,0,0,0,7-41-590-1|10-58-559-5|10-58-560-2|2-21-558-1|2-21-557-2|10-58-559-3|10-58-560-1|10-58-559-2|1-87-1085-1|10-58-559-7|2-21-556-2|10-58-560-4|3-25-567-1|5-31-591-1|10-58-560-6,8-47-1781-2
47,0,0,0,0,0,7-41-590-1|2-21-558-1|7-41-575-2|10-58-559-5|10-58-559-3|6-38-589-6|9-52-585-3|10-58-560-2|7-41-575-3|7-41-569-3|6-38-589-4|6-38-589-5|2-21-557-2|10-58-560-1|10-58-559-2,8-48-828-4
48,0,0,0,0,0,7-41-590-1|1-87-1085-1|2-21-564-3|2-21-564-5|2-21-564-1|10-58-560-2|2-21-564-7|2-21-564-4|2-21-564-6|5-31-591-1|10-58-560-1|2-21-564-2|2-21-558-1|5-31-591-3|2-21-557-2,8-44-688-2
49,0,0,0,0,0,7-41-590-1|5-31-591-1|2-21-564-3|2-21-558-1|7-41-590-2|10-58-560-2|2-21-564-4|10-58-560-1|2-21-564-1|2-21-564-7|2-21-564-5|2-21-557-2|5-31-591-2|5-31-591-3|9-50-580-3,8-45-1113-3
50,0,0,0,0,0,7-41-590-1|10-58-560-2|10-58-559-5|10-58-560-1|10-58-559-3|2-21-558-1|2-21-561-4|2-21-557-2|2-21-564-5|10-58-559-2|2-21-564-3|10-58-560-6|2-21-564-4|2-21-561-3|2-21-556-2,8-48-828-1
51,0,0,0,0,0,7-41-590-1|2-21-558-1|10-58-560-2|2-21-564-3|10-58-560-1|9-50-580-3|2-21-564-4|10-58-560-6|10-58-560-4|10-58-559-5|1-87-1085-1|2-21-564-5|10-58-559-3|2-21-557-2|2-21-564-1,8-46-826-1
52,0,0,0,0,0,10-58-560-2|2-21-558-1|10-58-560-3|10-58-560-4|10-58-560-1|10-58-560-6|2-21-564-3|1-87-1085-1|9-50-580-3|2-21-564-5|10-58-559-5|2-21-564-7|2-21-564-4|2-21-557-2|9-52-585-3,8-47-1204-1
53,0,0,0,1,1,8-47-1348-3|8-47-1348-2|8-47-1281-2|10-58-560-2|8-47-1348-1|2-21-557-2|10-58-560-1|2-21-557-1|8-48-1280-1|8-47-1263-2|10-58-560-6|8-47-1307-2|9-50-580-2|2-21-557-3|8-47-1348-4,8-48-1280-1
54,0,0,0,0,0,7-41-590-1|2-21-558-1|7-41-575-2|10-58-560-2|10-58-559-5|10-57-565-1|2-21-557-2|5-31-591-3|3-25-567-3|2-21-557-3|10-58-560-1|2-21-556-2|10-57-565-12|7-41-590-2|2-21-564-3,8-47-1281-2
55,0,0,0,1,1,10-58-560-3|10-58-560-2|2-22-700-4|8-47-1252-1|5-31-591-3|8-47-1254-1|2-21-557-1|10-58-560-4|2-21-557-2|8-47-1259-1|2-21-564-5|2-21-557-3|10-58-559-5|2-21-558-1|10-65-587-3,8-47-1254-1
56,0,0,0,0,0,7-41-590-1|7-41-590-2|5-31-591-3|5-31-591-1|1-87-1085-1|9-50-580-2|9-50-580-3|5-31-591-2|2-21-557-1|2-21-557-2|9-52-585-3|9-51-582-1|9-52-585-2|10-58-560-2|9-50-580-1,8-47-1781-3
57,0,0,0,0,0,7-41-590-1|8-47-1342-1|2-21-558-1|5-31-591-1|8-47-1348-3|2-21-557-2|7-41-590-2|10-58-559-5|5-31-591-2|10-58-559-3|8-47-1348-2|2-21-556-2|9-52-585-3|10-58-559-2|1-87-1085-1,8-45-563-5
58,0,0,0,0,0,7-41-590-1|7-41-590-2|5-31-591-3|5-31-591-1|5-31-591-2|1-87-1085-1|2-21-564-3|2-21-564-1|2-21-564-5|2-21-558-1|2-21-564-4|2-21-564-6|2-21-564-7|7-41-569-2|10-58-560-2,8-47-1771-1
59,0,0,0,0,0,7-41-590-1|5-31-591-1|1-87-1085-1|7-41-590-2|5-31-591-3|5-31-591-2|1-87-1481-3|2-21-557-2|10-58-560-2|10-58-560-1|2-21-564-3|9-50-580-3|4-97-1481-4|2-21-557-1|2-21-558-1,8-48-1562-1
60,0,0,0,0,0,1-87-1085-1|7-41-590-1|2-21-564-3|10-58-560-2|10-58-560-1|2-21-564-1|2-21-564-5|2-21-564-4|2-21-564-7|10-58-560-6|2-21-564-6|10-58-560-4|5-31-591-1|2-21-557-2|2-21-558-1,3-25-809-3
61,0,0,0,0,0,2-21-557-2|2-21-557-1|2-21-558-1|10-58-559-5|2-21-557-3|10-58-559-3|10-58-560-4|9-51-364-1|10-58-560-2|10-58-559-2|2-22-700-5|10-58-560-6|10-58-560-3|9-50-365-1|10-58-560-1,3-90-1790-2
62,0,0,0,0,0,2-21-558-1|7-41-590-1|7-41-569-3|7-41-571-2|4-91-714-1|8-47-1342-1|2-21-557-2|7-41-569-1|3-25-567-1|7-41-575-1|7-41-569-6|5-31-591-1|10-58-560-1|10-58-560-2|7-41-590-2,3-24-725-2
63,0,0,0,0,0,7-41-590-1|5-31-591-1|7-41-590-2|1-87-1085-1|2-21-557-2|5-31-591-2|5-31-591-3|10-58-560-1|10-58-560-2|2-21-558-1|2-21-564-3|8-47-1342-1|8-47-1348-3|7-41-569-2|2-21-557-1,3-25-567-3
64,0,0,0,0,0,1-87-1085-1|10-58-560-2|2-21-558-1|9-52-585-3|10-58-560-1|10-58-560-6|10-58-559-3|9-52-585-2|10-58-559-5|9-50-580-3|2-21-557-2|10-58-560-4|9-50-580-1|2-21-564-3|10-58-559-2,3-90-805-3
65,1,1,1,1,1,3-24-1856-1|1-87-1085-1|7-41-590-1|4-97-1481-3|6-38-589-6|8-47-1348-3|6-38-589-4|7-41-569-3|7-41-590-2|1-87-1481-3|4-97-1481-4|8-47-1348-1|2-21-557-2|9-50-580-2|5-31-591-1,3-24-1856-1
66,0,0,0,0,0,7-41-590-1|10-58-560-2|5-31-591-3|2-21-558-1|5-31-591-1|2-21-564-3|10-58-559-5|10-58-560-1|2-21-564-5|2-21-564-7|2-21-557-2|1-87-1085-1|10-58-559-3|10-58-560-4|10-58-560-3,3-25-567-4
67,0,0,0,0,0,9-52-585-3|9-51-364-1|9-50-365-1|1-87-1085-1|2-21-558-1|10-58-560-6|2-21-557-2|9-52-366-1|10-58-560-1|10-58-560-2|9-52-585-2|10-58-559-3|8-47-1348-1|10-58-560-4|10-58-559-5,3-25-812-1
68,0,0,0,0,0,7-41-590-1|7-41-590-2|5-31-591-1|2-21-557-2|7-41-569-3|2-21-558-1|7-41-569-2|7-41-575-2|10-58-560-1|6-38-589-6|5-31-591-2|10-58-560-2|9-52-585-3|2-21-557-1|6-38-589-4,3-24-1852-1
69,0,0,0,0,0,7-41-590-1|9-50-580-3|7-41-590-2|9-50-580-2|5-31-591-1|2-21-558-1|9-50-580-1|9-51-364-1|9-52-585-3|9-52-366-1|9-50-365-1|5-31-591-3|5-31-591-2|2-21-564-4|8-45-563-1,3-90-1837-1
70,0,0,0,0,0,2-21-558-1|7-41-590-1|2-21-557-2|10-58-559-5|8-47-1342-1|3-25-567-1|10-58-559-3|7-41-569-3|2-21-556-2|9-52-366-1|10-58-560-2|3-25-567-3|9-51-364-1|9-52-585-3|10-58-560-1,3-26-1156-1
71,0,0,0,0,0,10-58-560-2|2-21-558-1|10-58-560-1|10-58-559-5|10-58-560-6|1-87-1085-1|7-41-590-1|2-21-557-2|10-58-559-3|2-21-564-3|10-58-560-4|10-58-560-3|2-21-561-4|10-58-559-2|5-31-591-1,3-24-723-1
72,0,0,0,0,0,7-41-590-1|8-47-1348-3|1-87-1085-1|10-58-560-2|2-21-558-1|10-58-560-1|2-21-557-2|8-47-1342-1|5-31-591-1|7-41-590-2|2-21-564-3|8-47-1348-2|5-31-591-3|1-87-1481-3|9-52-585-3,3-25-1861-2
73,0,0,0,0,0,2-21-558-1|2-21-557-2|10-58-560-6|10-58-560-2|8-47-1348-3|4-97-1481-2|1-87-1085-1|9-50-580-3|7-41-590-1|11-67-1345-1|2-21-556-2|10-58-560-1|10-58-559-3|10-58-559-5|2-21-557-1,3-26-866-1
74,0,0,0,0,0,9-51-364-1|7-41-590-1|7-41-575-2|9-52-366-1|7-41-569-7|2-21-558-1|7-41-569-3|9-50-365-1|7-41-569-6|10-58-559-5|2-21-557-2|10-58-560-3|7-41-569-1|2-21-556-2|7-41-590-2,3-24-799-6
75,0,0,0,0,0,8-47-1342-1|7-41-590-1|2-21-557-2|10-58-560-2|10-58-560-1|1-87-1085-1|2-21-558-1|5-31-591-1|2-21-557-1|2-21-564-3|9-51-364-1|10-58-560-6|10-58-560-4|10-58-559-5|9-52-366-1,3-82-1862-1
76,0,0,0,0,0,7-41-590-1|2-21-558-1|2-21-557-2|10-58-560-1|10-58-560-2|5-31-591-1|7-41-590-2|2-21-557-1|10-58-560-6|8-47-1348-3|2-21-557-3|3-25-567-1|6-38-589-4|2-21-564-3|7-43-574-1,3-25-807-2
77,0,0,0,0,0,7-41-590-1|2-21-558-1|7-41-569-3|10-58-560-2|9-52-585-3|10-58-560-1|7-41-569-1|3-25-567-1|2-21-557-2|7-41-575-2|10-58-560-4|7-41-569-6|7-41-590-2|7-41-569-7|10-58-559-5,3-24-803-2
78,0,0,0,0,0,9-52-585-3|2-21-558-1|9-51-364-1|9-50-365-1|9-52-585-2|10-58-559-5|9-50-580-3|10-58-559-3|2-21-557-2|9-52-366-1|10-58-560-2|10-58-560-4|10-58-560-1|9-52-585-1|10-58-559-2,3-25-811-1
79,0,0,0,0,0,2-21-558-1|10-94-2089-1|8-47-1348-3|10-64-650-2|3-25-2368-1|10-65-587-2|10-57-566-1|2-22-700-4|2-21-2033-1|8-47-1348-1|3-25-2368-2|10-58-560-2|10-60-2087-1|8-47-1348-2|10-58-560-6,3-24-2367-1
80,0,0,0,0,0,7-41-590-1|1-87-1085-1|2-21-558-1|10-58-560-2|5-31-591-1|2-21-564-3|10-58-560-1|5-31-591-3|7-41-590-2|1-87-1481-3|10-58-559-5|2-21-557-2|9-52-585-3|10-58-560-6|9-50-580-3,3-26-1156-7
81,0,0,0,0,0,2-21-557-2|10-58-560-6|1-87-1085-1|2-21-557-1|7-41-590-1|1-87-1481-3|10-58-560-1|2-21-557-3|10-58-560-2|7-41-590-2|2-21-558-1|2-21-564-3|4-97-1481-4|1-87-1481-1|6-38-589-4,3-25-1860-3
82,0,0,0,0,0,7-41-590-1|7-41-590-2|5-31-591-1|5-31-591-3|1-87-1085-1|2-21-558-1|5-31-591-2|10-58-560-2|6-38-589-6|6-38-589-4|10-58-560-1|2-21-564-3|2-21-557-2|9-50-580-3|7-41-569-3,3-24-981-1
83,0,0,0,0,0,7-41-590-1|7-41-590-2|2-21-558-1|2-21-564-3|5-31-591-1|1-87-1085-1|2-21-564-1|5-31-591-3|10-58-560-2|10-58-560-1|2-21-564-5|2-21-564-4|2-21-564-7|2-21-564-6|6-38-589-6,3-24-1038-1
84,0,0,0,0,0,7-41-590-1|2-21-558-1|10-58-560-2|10-58-560-1|9-52-585-3|7-41-569-3|10-58-560-6|2-21-557-2|10-58-560-4|10-58-559-3|10-58-559-5|9-51-364-1|9-50-580-3|10-58-559-2|9-52-585-2,3-25-567-1
85,0,0,0,0,0,7-41-590-1|2-21-564-3|2-21-558-1|1-87-1085-1|7-41-590-2|5-31-591-1|2-21-557-2|10-58-560-2|8-47-1342-1|10-58-560-1|9-50-580-3|2-21-564-1|2-21-564-7|5-31-591-3|2-21-564-4,3-26-775-1
86,0,0,0,0,0,7-41-590-1|2-21-564-3|5-31-591-1|1-87-1085-1|2-21-564-1|2-21-564-7|10-58-560-2|5-31-591-3|2-21-557-2|10-58-560-1|7-41-590-2|2-21-564-4|2-21-564-6|2-21-564-5|2-21-564-2,3-26-867-1
87,0,0,0,0,0,9-52-585-3|9-52-585-2|9-50-580-3|2-21-558-1|7-41-575-2|10-58-560-2|10-58-559-5|10-58-560-1|7-41-590-1|9-52-585-1|10-58-560-6|10-58-560-4|10-58-559-3|10-57-565-1|6-38-589-6,3-24-802-1
88,0,0,0,0,0,10-58-560-3|2-21-564-5|10-58-560-2|10-58-559-5|5-31-591-3|9-50-580-3|10-57-565-13|2-21-561-4|7-41-575-3|2-21-564-4|10-58-560-4|10-58-559-3|7-41-575-2|9-52-585-1|6-38-589-5,3-24-1836-3
89,0,0,0,0,0,10-58-560-2|10-58-559-5|7-41-590-1|10-58-560-1|10-58-559-3|2-21-557-2|2-21-558-1|1-87-1085-1|10-58-559-2|8-47-1342-1|10-58-560-6|2-21-564-3|7-41-569-3|2-21-561-4|10-58-559-7,3-26-765-1
90,0,0,0,0,0,2-21-558-1|9-51-364-1|9-52-585-3|2-21-557-2|9-52-366-1|10-58-559-5|9-50-365-1|9-52-585-2|10-58-559-3|10-58-560-2|7-41-590-1|10-58-560-1|10-58-559-2|10-58-560-6|9-52-585-1,3-25-809-1
91,0,0,0,0,0,7-41-590-1|5-31-591-1|1-87-1085-1|5-31-591-3|7-41-590-2|2-21-558-1|5-31-591-2|10-58-560-2|2-21-564-3|2-21-557-2|10-58-560-1|10-58-560-6|2-21-557-1|6-38-589-4|8-47-1342-1,3-24-799-3
92,0,0,0,0,0,7-41-590-1|2-21-558-1|1-87-1085-1|10-58-560-2|9-52-585-3|9-50-580-3|10-58-560-1|5-31-591-1|9-50-580-1|7-41-590-2|2-21-557-2|9-50-580-2|2-21-564-3|9-52-585-2|6-38-589-4,3-24-800-3
93,0,0,0,0,0,2-21-558-1|7-41-590-1|8-47-1342-1|2-21-557-2|3-25-567-1|9-52-585-3|10-58-559-3|7-41-575-4|2-21-556-2|10-58-559-2|7-41-575-1|10-58-560-2|7-41-569-3|7-41-575-2|5-31-591-1,9-51-582-4
94,0,0,0,0,0,10-58-560-2|2-21-558-1|9-51-364-1|7-41-590-1|10-58-560-1|10-58-560-6|9-52-585-3|2-21-557-2|9-50-365-1|10-58-560-4|9-50-580-3|1-87-1085-1|9-52-366-1|10-58-559-5|10-58-559-3,9-51-583-4
95,0,0,0,0,0,7-41-590-1|5-31-591-1|1-87-1085-1|7-41-590-2|2-21-558-1|10-58-560-1|2-21-564-3|10-58-560-2|2-21-557-2|5-31-591-2|1-87-1481-3|6-38-589-6|2-21-564-1|6-38-589-4|8-47-1348-3,9-50-359-1
96,0,0,0,0,0,10-58-560-2|10-58-559-5|2-21-564-3|10-58-560-4|10-58-560-1|1-87-1085-1|2-21-558-1|10-58-560-6|10-58-559-3|2-21-557-2|2-21-564-7|1-87-1481-1|10-58-560-3|2-21-564-5|7-41-590-1,9-50-581-3
97,0,0,0,0,0,7-41-590-1|10-58-560-2|10-58-560-1|10-58-559-5|2-21-558-1|10-58-559-3|2-21-557-2|10-58-560-6|7-41-569-3|7-41-575-2|10-58-560-4|10-58-559-2|9-50-580-3|2-21-556-2|10-58-560-3,9-51-353-3
98,0,0,0,0,0,7-41-590-1|10-58-560-2|10-58-560-1|2-21-564-3|9-50-580-3|2-21-557-2|2-21-558-1|1-87-1085-1|10-58-560-6|9-52-585-3|9-50-580-1|5-31-591-1|10-58-560-4|2-21-564-4|10-58-559-5,9-49-396-1
99,0,0,0,0,0,7-41-590-1|10-58-560-2|10-58-560-1|2-21-558-1|10-58-559-5|10-58-560-6|10-58-559-3|9-50-580-3|10-58-560-4|10-58-560-3|2-21-564-3|2-21-557-2|10-58-559-2|9-52-585-3|7-41-569-3,9-52-584-3
100,0,0,0,0,0,7-41-590-1|10-58-560-2|2-21-558-1|10-58-560-1|2-21-557-2|10-58-560-6|7-41-569-3|2-21-556-2|10-58-559-3|10-58-559-5|10-58-560-4|10-58-559-2|2-21-564-3|7-39-570-2|7-41-569-1,9-50-581-9
101,0,0,0,0,0,7-41-590-1|2-21-558-1|10-58-560-2|7-41-569-3|10-58-560-1|10-58-560-6|7-41-569-1|10-58-559-5|2-21-564-3|10-58-560-4|7-41-590-2|7-41-575-2|2-21-557-2|10-58-559-3|2-21-556-2,9-50-581-1
102,0,0,0,0,0,7-41-590-1|1-87-1085-1|5-31-591-1|2-21-564-3|5-31-591-3|10-58-560-2|7-41-590-2|10-58-560-1|2-21-564-1|2-21-564-7|2-21-564-5|2-21-558-1|2-21-564-4|5-31-591-2|2-21-564-6,9-50-1604-1
103,0,0,0,0,0,10-58-560-2|10-58-559-3|10-58-560-1|2-21-557-2|10-58-560-6|10-58-559-5|10-58-559-2|2-21-558-1|10-58-560-4|1-87-1085-1|2-21-556-2|10-58-559-7|9-52-585-3|9-50-580-3|2-21-557-1,9-49-391-1
104,0,0,0,0,0,7-41-590-1|1-87-1085-1|5-31-591-1|2-21-564-3|10-58-560-2|10-58-560-1|2-21-558-1|5-31-591-3|7-41-590-2|2-21-557-2|2-21-564-7|2-21-564-1|2-21-564-5|7-41-569-3|5-31-591-2,9-50-3-1
105,0,0,0,0,0,7-41-590-1|10-58-560-2|2-21-564-3|10-58-560-1|9-50-580-3|2-21-564-5|2-21-558-1|7-41-590-2|2-21-564-4|9-52-585-3|9-50-580-2|9-50-580-1|2-21-557-2|2-21-564-1|10-58-559-5,9-51-582-2
106,0,0,0,0,0,7-41-590-1|2-21-558-1|10-58-560-1|1-87-1085-1|10-58-560-2|2-21-557-2|10-58-560-6|7-41-590-2|5-31-591-1|9-50-580-3|10-58-560-4|9-52-585-3|2-21-564-3|8-47-1348-3|9-50-580-1,9-54-485-4
107,0,0,0,0,0,7-41-590-1|7-41-590-2|5-31-591-1|2-21-558-1|9-50-580-3|6-38-589-6|5-31-591-2|9-52-585-3|7-41-575-2|6-38-589-4|2-21-557-2|8-47-1348-3|10-58-560-1|7-41-569-3|5-31-591-3,9-54-485-5
108,0,0,0,0,0,10-58-560-2|10-58-560-1|10-58-559-3|2-21-558-1|10-58-559-5|10-58-560-6|10-58-559-2|7-41-590-1|2-21-557-2|10-58-559-7|1-87-1085-1|10-58-560-4|2-21-556-2|2-21-564-3|4-97-1478-1,9-51-352-3
109,0,0,0,0,0,7-41-590-1|10-58-560-2|2-21-558-1|10-58-559-5|10-58-560-1|10-58-559-3|2-21-557-2|10-58-559-2|7-41-575-2|2-21-556-2|10-58-560-6|10-58-560-4|9-50-580-3|6-38-589-6|7-41-569-3,9-54-485-1
110,0,0,0,0,0,10-57-565-6|10-57-565-10|10-57-565-9|10-57-565-11|10-58-559-6|10-57-565-13|3-25-567-3|7-41-569-7|10-58-560-3|10-57-565-12|7-41-575-3|7-41-575-2|10-65-587-3|10-57-565-7|3-25-567-1,9-52-366-2
111,0,0,0,0,0,7-41-590-1|7-41-590-2|2-21-558-1|9-50-580-3|10-58-560-2|5-31-591-1|10-58-560-1|2-21-564-3|9-52-585-3|9-50-580-2|7-41-575-2|2-21-557-2|1-87-1085-1|6-38-589-6|7-41-569-3,9-54-485-9
112,0,0,0,0,0,2-21-558-1|10-58-560-2|10-58-560-1|10-58-560-4|10-58-559-5|10-58-559-3|10-58-560-6|10-58-559-2|7-41-590-1|2-21-557-2|10-58-560-3|10-58-559-7|1-87-1085-1|2-21-564-3|3-25-567-1,9-50-1492-2
113,0,0,0,0,0,2-21-558-1|7-41-590-1|2-21-557-2|2-21-556-2|7-41-575-2|10-58-560-2|7-41-569-3|9-52-585-2|10-58-559-5|10-58-559-3|3-25-567-3|10-58-560-6|9-52-585-3|5-31-591-3|2-21-556-6,9-50-579-4
114,0,0,0,0,0,7-41-590-1|5-31-591-1|2-21-564-3|7-41-590-2|10-58-560-1|2-21-558-1|10-58-560-2|2-21-564-1|2-21-564-4|2-21-557-2|2-21-564-5|2-21-564-6|2-21-564-7|1-87-1085-1|7-41-569-3,9-51-353-1
115,0,0,0,0,0,7-41-590-1|1-87-1085-1|2-21-558-1|5-31-591-1|10-58-560-2|7-41-590-2|10-58-560-1|8-47-1348-3|2-21-564-3|5-31-591-3|6-38-589-6|2-21-564-1|7-41-569-3|2-21-564-5|6-38-589-4,9-50-359-2
116,0,0,0,0,0,7-41-590-1|7-41-590-2|5-31-591-1|5-31-591-3|6-38-589-6|7-41-569-2|10-58-560-2|7-41-575-2|7-41-569-3|10-58-560-1|6-38-589-5|7-41-569-7|2-21-557-2|2-21-564-4|2-21-564-5,9-50-581-2
117,0,0,0,0,0,1-87-1085-1|2-21-558-1|10-58-560-2|10-58-560-6|10-58-560-1|10-58-559-3|10-58-559-5|4-97-1481-3|10-58-560-4|1-87-1481-2|10-58-559-7|10-58-559-2|2-21-557-2|2-22-700-4|1-87-1481-3,9-52-584-4
118,0,0,0,0,0,2-21-558-1|10-58-560-4|10-58-560-2|10-58-560-1|10-58-559-5|2-21-564-4|10-58-559-3|10-58-560-6|10-58-559-2|9-52-585-3|10-58-560-3|7-41-590-1|2-21-564-5|9-50-580-3|2-21-564-3,9-50-2-1
119,0,0,0,0,0,10-58-560-2|2-21-564-3|2-21-564-5|2-21-564-7|2-21-558-1|10-58-560-1|2-21-564-6|7-41-590-1|10-58-559-5|2-21-564-1|2-21-564-4|10-58-560-6|2-21-557-2|1-87-1085-1|10-58-559-3,11-66-733-1
120,0,0,0,0,0,7-41-590-1|1-87-1085-1|10-58-560-2|2-21-558-1|5-31-591-3|2-21-564-3|7-41-590-2|2-21-564-5|10-58-560-1|10-58-559-5|5-31-591-1|2-21-564-1|2-21-564-7|2-21-557-2|2-21-564-6,11-66-737-1
121,0,0,0,0,0,7-41-590-1|1-87-1085-1|5-31-591-3|7-41-590-2|2-21-564-5|5-31-591-1|2-21-564-1|2-21-564-3|2-21-564-4|2-21-564-6|9-50-580-3|10-58-560-2|2-21-564-7|9-50-580-2|2-21-564-2,11-66-715-1
122,0,0,0,0,0,1-87-1085-1|7-41-590-1|10-58-560-2|2-21-558-1|10-58-560-1|10-58-559-5|10-58-560-6|2-21-557-2|10-58-559-3|2-21-564-3|10-58-559-7|10-58-559-2|5-31-591-1|2-21-564-7|2-21-564-1,11-66-733-2
123,0,0,0,0,0,7-41-590-1|5-31-591-1|10-58-560-1|7-41-590-2|10-58-560-2|2-21-558-1|2-21-564-3|5-31-591-3|2-21-557-2|1-87-1085-1|10-58-560-6|5-31-591-2|10-58-560-4|7-41-569-3|2-21-557-1,11-66-750-1
124,0,0,0,0,0,7-41-590-1|10-58-560-2|2-21-558-1|10-58-560-1|10-58-559-5|10-58-559-3|1-87-1085-1|10-58-560-3|10-58-560-6|10-58-560-4|2-21-564-3|10-58-559-7|2-21-564-7|10-58-559-2|7-41-569-3,11-66-732-2
125,0,0,0,0,0,10-58-559-5|10-58-559-3|10-58-560-2|10-58-560-4|10-58-560-3|10-58-560-1|10-58-559-2|10-58-560-6|2-21-558-1|1-87-1085-1|9-50-580-3|10-58-559-4|2-21-557-2|7-41-590-1|10-58-559-7,11-66-749-4
126,0,0,0,0,0,10-58-560-4|2-21-564-3|2-21-558-1|10-58-559-5|10-58-560-2|10-58-559-3|7-41-569-6|10-58-560-1|10-58-560-6|10-58-559-2|10-58-559-4|2-21-557-2|9-52-585-3|3-25-567-1|9-50-580-3,11-68-931-3
127,0,0,0,0,0,10-58-560-2|10-58-560-1|2-21-557-2|10-58-559-3|7-41-590-1|10-58-559-5|10-58-560-6|10-58-559-2|2-21-558-1|2-21-556-2|10-58-560-4|10-58-559-7|10-58-560-3|1-87-1085-1|7-41-569-3,11-66-747-2
128,0,0,0,0,0,7-41-590-1|7-41-575-2|10-58-559-5|10-58-560-2|2-21-558-1|10-58-559-3|10-58-560-1|7-41-575-3|10-58-559-2|2-21-557-2|7-41-569-3|2-21-556-2|7-41-590-2|10-58-560-6|7-41-575-4,11-66-745-2
129,0,0,0,0,0,7-41-590-1|1-87-1085-1|5-31-591-1|2-21-557-2|2-21-564-3|10-58-560-2|10-58-560-1|2-21-564-7|2-21-557-1|10-58-560-6|2-21-564-1|2-21-558-1|7-41-590-2|5-31-591-2|1-87-1481-3,11-67-833-1
130,0,0,0,0,0,7-41-590-1|7-41-590-2|5-31-591-1|5-31-591-3|2-21-564-3|2-21-558-1|10-58-560-2|1-87-1085-1|10-58-560-1|5-31-591-2|7-41-569-3|2-21-557-2|2-21-564-1|2-21-564-7|7-41-569-2,11-66-720-2
131,0,0,0,0,0,2-21-558-1|7-41-590-1|10-58-559-5|10-58-560-2|10-58-559-3|10-58-560-1|9-50-580-3|10-58-559-2|10-58-560-4|10-58-560-6|9-52-585-3|2-21-557-2|7-41-569-3|10-58-560-3|9-52-585-2,11-68-648-1
132,0,0,0,0,0,7-41-590-1|5-31-591-1|2-21-564-3|2-21-564-4|2-21-564-1|5-31-591-3|2-21-564-6|2-21-564-5|10-58-560-2|2-21-557-2|5-31-591-2|10-58-559-5|10-58-560-1|2-21-564-7|7-41-590-2,11-66-718-1
133,0,0,0,0,0,7-41-590-1|2-21-558-1|10-58-560-2|10-58-560-1|5-31-591-1|1-87-1085-1|2-21-564-3|7-41-590-2|9-50-580-3|2-21-557-2|10-58-560-4|9-52-585-3|10-58-560-6|6-38-589-4|10-58-559-5,11-68-931-1
134,0,0,0,0,0,7-41-590-1|8-47-1348-3|2-21-557-2|7-41-590-2|2-21-557-1|8-47-1348-1|8-47-1348-2|7-41-569-2|5-31-591-1|8-47-1348-4|2-21-564-3|2-21-564-1|2-21-557-3|10-58-560-1|10-58-560-2,11-67-1176-1
135,0,0,0,0,0,1-87-1085-1|10-58-560-2|10-58-560-1|2-21-558-1|10-58-559-3|10-58-560-4|10-58-560-6|10-58-560-3|10-58-559-5|10-58-559-7|10-58-559-2|4-97-1481-3|2-21-557-2|3-25-567-1|4-97-1481-2,11-68-931-6
136,0,0,0,0,0,7-41-590-1|5-31-591-1|5-31-591-3|7-41-590-2|2-21-564-3|5-31-591-2|2-21-564-1|1-87-1085-1|2-21-564-4|2-21-564-6|2-21-564-7|2-21-564-5|10-58-560-2|10-58-560-1|2-21-558-1,11-67-835-1
137,0,0,0,0,0,1-87-1085-1|7-41-590-1|10-58-560-2|5-31-591-1|10-58-560-1|1-87-1481-3|2-21-557-2|1-87-1481-2|8-47-1348-3|4-97-1481-4|2-21-558-1|10-58-560-6|7-41-590-2|8-47-1342-1|5-31-591-3,11-67-836-3
138,0,0,0,0,0,7-41-590-1|2-21-564-3|2-21-557-2|10-58-560-1|1-87-1085-1|2-21-558-1|10-58-560-2|5-31-591-1|2-21-564-1|7-41-590-2|2-21-556-2|2-21-557-1|10-58-559-2|2-21-564-7|7-43-574-1,11-67-1269-4
139,0,0,0,0,0,7-41-590-1|1-87-1085-1|7-41-590-2|1-87-1481-3|5-31-591-1|8-47-1348-3|2-21-558-1|10-58-560-2|7-41-569-2|4-97-1481-4|10-58-560-1|2-21-557-2|7-41-569-7|7-41-569-3|2-21-564-3,11-66-749-3
140,0,0,0,0,0,11-67-1120-2|1-87-1085-1|1-87-1481-3|4-97-1478-1|11-67-1117-2|8-48-694-2|8-45-1110-2|4-27-1465-1|8-48-697-2|8-45-1113-2|4-97-1465-1|8-45-1111-2|12-71-767-3|4-91-714-2|8-47-1265-2,11-67-1120-1
141,0,0,0,0,0,10-58-560-2|2-21-564-3|10-58-559-5|10-58-560-3|10-58-560-1|2-21-558-1|10-58-560-6|2-21-564-5|2-21-564-7|1-87-1085-1|10-58-560-4|2-21-557-2|2-21-561-4|10-58-559-3|5-31-591-3,11-66-738-1
142,0,1,1,1,1,2-21-558-1|11-67-837-2|10-62-837-3|1-87-1085-1|10-58-560-2|10-58-560-6|3-25-567-1|10-58-559-7|8-47-1348-3|11-67-1345-1|10-58-560-3|10-58-559-3|8-47-1348-1|1-16-1423-3|9-50-580-3,11-67-837-2
143,0,0,0,0,0,7-41-590-1|7-41-590-2|5-31-591-1|2-21-558-1|10-58-560-1|10-58-560-2|2-21-557-2|6-38-589-4|2-21-564-3|2-21-564-4|7-41-569-3|7-41-575-2|6-38-589-6|2-21-564-1|9-52-585-3,1-16-618-1
144,0,0,0,0,0,1-87-1085-1|4-97-1481-2|2-21-557-2|8-47-1342-1|3-25-567-1|10-58-560-2|10-58-559-3|10-58-559-5|10-58-559-7|10-58-560-6|10-58-560-1|1-87-1481-1|1-87-1481-2|10-58-560-4|5-31-591-1,1-87-951-1
145,0,0,0,0,0,2-21-557-2|8-47-1342-1|10-58-560-2|2-21-557-1|10-58-560-1|1-87-1085-1|10-58-559-5|10-58-559-3|7-41-590-1|10-58-560-6|2-21-558-1|10-58-559-2|10-58-559-7|9-50-580-3|8-47-1348-3,1-87-662-1
146,0,0,0,0,0,7-41-590-1|1-87-1085-1|2-21-558-1|5-31-591-1|10-58-560-2|8-47-1348-3|10-58-560-1|7-41-590-2|2-21-557-2|2-21-564-3|2-21-557-1|10-58-560-4|4-97-1481-3|5-31-591-3|5-31-591-2,1-16-1166-1
147,0,0,0,0,0,2-21-558-1|9-50-580-3|10-58-560-2|10-58-559-3|10-58-559-5|10-58-560-6|1-87-1085-1|10-58-560-1|9-52-585-3|10-58-560-4|9-50-580-1|10-58-560-3|2-21-557-2|10-58-559-2|9-50-580-2,1-16-1602-3
148,1,1,1,1,1,1-16-1423-1|1-16-1267-1|1-16-941-1|1-16-1423-3|1-16-938-3|11-67-1345-1|8-47-1342-1|8-47-1345-1|8-47-1348-3|8-48-691-2|7-41-590-1|1-16-938-2|1-16-941-2|8-47-1254-1|2-21-557-2,1-16-1423-1
149,0,0,0,0,0,7-41-590-1|1-87-1085-1|5-31-591-1|5-31-591-3|2-21-558-1|7-41-590-2|2-21-564-3|10-58-560-2|5-31-591-2|10-58-560-1|2-21-564-7|2-21-564-1|2-21-557-2|2-21-564-5|8-47-1348-3,1-16-773-1
150,0,0,0,0,0,7-41-590-1|2-21-557-1|7-41-590-2|2-21-557-2|9-50-580-2|9-50-580-3|1-87-1085-1|7-41-569-7|2-21-557-3|5-31-591-3|5-31-591-1|7-41-575-2|1-16-1606-2|7-41-569-3|8-47-1342-1,1-16-1607-2
151,0,0,0,0,0,7-41-590-1|7-41-590-2|2-21-558-1|5-31-591-1|2-21-564-3|9-50-580-3|2-21-564-1|2-21-564-4|5-31-591-3|2-21-564-6|5-31-591-2|10-58-560-1|9-50-580-1|10-58-560-2|7-41-575-2,1-20-2114-1
152,0,0,0,0,0,8-47-1342-1|8-47-1348-3|2-21-557-2|7-41-590-1|2-21-557-1|1-87-1085-1|8-47-1348-1|8-47-1348-2|10-58-560-1|5-31-591-1|10-58-560-2|2-21-558-1|10-58-560-6|10-58-559-7|10-58-559-2,1-87-658-1
153,0,0,0,0,0,7-41-590-1|2-21-558-1|7-41-575-2|7-41-575-1|7-41-569-7|3-25-567-3|7-41-590-2|7-41-575-4|7-41-569-3|7-41-569-6|7-41-569-1|10-57-565-1|10-58-559-5|7-41-575-3|3-25-567-1,1-16-1109-1
154,0,0,0,0,0,7-41-590-1|2-21-558-1|10-58-560-2|10-58-560-1|10-58-559-5|2-21-557-2|2-21-564-3|10-58-559-3|1-87-1085-1|2-21-564-7|5-31-591-1|10-58-560-6|7-41-569-3|10-58-559-2|8-47-1342-1,1-16-781-1
155,0,0,0,0,0,10-58-560-2|10-58-559-5|10-58-560-1|10-58-559-3|2-21-557-2|10-58-560-6|2-21-558-1|10-58-559-7|10-58-559-2|10-58-560-4|10-58-560-3|2-21-556-2|10-58-559-4|3-25-567-1|1-87-1085-1,1-87-665-1
156,0,0,0,0,0,1-87-1085-1|8-47-1342-1|7-41-590-1|8-47-1348-3|7-41-590-2|2-21-558-1|1-16-1423-1|8-47-1348-2|11-67-1345-1|8-47-1348-4|8-47-1254-1|7-41-569-7|1-16-1423-3|5-31-591-1|8-47-1348-1,1-16-1421-1
157,0,0,0,0,0,7-41-590-1|1-87-1085-1|2-21-557-2|2-21-558-1|10-58-560-2|8-47-1342-1|10-58-560-1|10-58-559-3|10-58-559-5|2-21-557-1|10-58-559-2|9-50-580-3|2-21-564-4|2-21-556-2|8-47-1348-3,1-15-608-1
158,0,0,0,0,0,7-41-590-1|1-87-1085-1|7-41-590-2|5-31-591-1|5-31-591-3|5-31-591-2|1-87-1481-3|2-21-557-1|2-21-557-2|10-58-560-2|9-50-580-2|2-21-558-1|7-41-569-2|10-58-560-1|2-21-564-1,1-16-1423-3
159,0,0,0,0,0,7-41-590-1|3-25-567-1|1-87-1085-1|10-58-559-7|10-58-560-2|2-21-556-2|10-58-559-3|10-58-559-5|10-58-560-6|10-58-559-6|2-21-558-1|10-58-560-1|7-41-590-2|10-58-560-3|10-58-559-2,1-16-616-1
160,0,0,0,0,0,7-41-590-1|2-21-564-3|10-58-560-2|2-21-557-2|5-31-591-3|9-52-585-2|2-21-558-1|7-41-590-2|10-58-560-1|9-52-585-3|8-47-1342-1|9-52-366-1|5-31-591-1|9-51-364-1|2-21-557-3,1-16-782-2
161,0,0,0,0,0,7-41-590-1|2-21-564-3|10-58-560-2|5-31-591-3|2-21-558-1|7-41-575-2|2-21-564-5|10-58-560-1|10-58-559-5|2-21-564-7|7-41-590-2|10-58-560-3|10-58-560-4|2-21-564-4|10-58-560-6,1-20-2117-1
162,0,0,0,0,0,1-87-1085-1|10-58-559-7|3-25-567-1|10-58-560-2|2-22-700-4|10-58-559-5|10-58-559-3|10-58-560-6|10-58-560-3|2-21-557-2|2-22-700-5|10-58-560-1|3-25-567-3|10-58-560-4|8-47-1342-1,1-16-1103-4
163,0,0,0,0,0,10-58-560-2|10-58-559-5|10-58-559-3|10-58-560-1|10-58-559-7|2-21-557-2|10-58-560-6|10-58-559-2|10-58-560-3|1-87-1085-1|10-58-560-4|2-21-556-2|2-21-564-3|2-21-558-1|2-21-557-1,1-87-656-1
164,0,0,0,0,0,7-41-590-1|2-21-557-2|2-21-558-1|10-58-560-2|8-47-1342-1|10-58-560-1|2-21-557-1|5-31-591-1|8-47-1348-3|7-41-590-2|9-52-585-3|2-21-556-2|1-87-1085-1|7-41-569-3|2-21-557-3,1-16-941-2
165,0,0,0,0,0,2-21-558-1|5-28-1700-1|2-21-564-3|2-21-564-7|2-21-556-2|2-21-556-6|2-23-753-1|2-23-754-1|2-23-752-1|2-21-557-2|2-21-564-6|2-23-754-2|2-21-564-1|2-21-556-1|10-65-587-2,1-16-1602-4
166,0,0,0,0,0,7-41-590-1|1-87-1085-1|10-58-560-2|2-21-558-1|5-31-591-1|2-21-564-3|10-58-560-1|2-21-564-5|2-21-564-7|5-31-591-3|2-21-564-1|10-58-560-6|2-21-557-2|2-21-564-4|2-21-564-6,1-16-938-3
167,0,0,0,0,0,7-41-590-1|2-21-558-1|2-21-557-2|10-58-560-1|10-58-560-2|7-41-590-2|2-21-557-1|5-31-591-1|2-21-556-2|9-52-585-3|6-38-589-4|2-21-557-3|10-58-560-6|1-87-1085-1|10-58-559-5,1-16-614-3
168,0,0,0,0,0,7-41-590-1|2-21-564-3|5-31-591-3|2-21-558-1|5-31-591-1|7-41-590-2|2-21-564-7|8-47-1348-3|2-22-700-4|10-58-560-2|2-21-564-1|10-58-560-1|1-87-1085-1|5-31-591-2|2-21-557-2,1-16-944-1
169,0,0,0,0,0,10-58-560-2|10-58-559-5|10-58-559-3|10-58-560-1|2-21-558-1|9-50-580-3|10-58-560-6|9-52-585-3|2-21-557-2|10-58-560-3|10-58-560-4|10-58-559-2|9-52-585-2|7-41-590-1|10-58-559-7,1-16-823-1
170,0,0,0,0,0,10-58-560-2|10-58-560-1|10-58-560-3|7-41-590-1|10-58-560-6|10-58-560-4|2-21-558-1|2-21-557-2|10-58-559-5|10-58-559-3|2-21-564-3|9-50-580-3|10-58-559-2|7-41-569-3|10-58-559-7,1-16-1105-1
171,0,0,0,0,0,1-87-1085-1|7-41-590-1|10-58-560-2|10-58-560-1|5-31-591-1|5-31-591-3|2-21-557-2|2-21-558-1|10-58-560-6|2-21-564-3|10-58-559-5|10-58-560-4|2-21-557-1|2-21-564-7|5-31-591-2,1-14-742-1
172,0,0,0,0,0,9-52-585-1|9-50-581-9|1-16-1607-2|1-16-1606-2|9-50-581-2|10-58-559-6|7-39-570-4|9-52-585-5|9-52-585-4|9-50-579-3|9-51-582-5|5-31-591-3|9-50-580-3|7-41-575-3|9-50-581-4,1-16-1607-1
173,0,0,0,0,0,7-41-590-1|2-21-558-1|5-31-591-1|7-41-590-2|10-58-560-1|10-58-560-2|2-21-564-3|1-87-1085-1|5-31-591-3|8-45-563-1|8-45-563-2|2-21-557-2|5-31-591-2|8-45-563-4|8-47-1348-3,1-16-619-1
174,0,0,0,0,0,2-21-558-1|9-50-580-3|8-47-1782-4|7-41-590-1|9-52-585-3|9-50-365-1|9-52-366-1|9-52-585-1|9-52-585-2|10-58-559-5|9-50-580-2|8-47-1768-1|9-51-364-1|8-45-563-4|8-45-563-1,1-16-943-1
175,0,0,1,1,1,2-21-564-3|10-58-560-2|2-21-558-1|6-38-589-5|10-58-560-1|7-41-590-1|10-58-559-5|10-58-559-3|9-50-580-3|7-41-575-2|10-58-560-6|10-58-560-4|2-21-564-4|2-21-564-5|10-58-560-3,6-38-589-5
176,0,0,0,0,0,2-21-558-1|7-41-590-1|10-58-560-2|10-58-559-5|10-58-559-3|10-58-560-1|2-21-564-5|2-21-564-3|10-58-559-2|2-21-561-4|2-21-557-2|10-58-560-6|2-21-564-7|5-31-591-3|10-58-560-4,6-86-1126-1
177,0,0,0,0,0,7-41-590-1|2-21-558-1|10-58-560-2|10-58-560-1|10-58-559-5|10-58-559-3|2-21-564-3|10-58-560-4|10-58-559-2|10-58-559-7|10-58-560-6|10-58-560-3|9-50-580-3|2-21-564-4|2-21-557-2,6-86-690-2
178,0,0,0,0,0,1-87-1085-1|2-21-558-1|9-50-580-3|10-58-560-2|10-58-559-5|10-58-560-3|10-58-560-1|10-58-560-4|10-58-559-3|7-41-590-1|10-58-560-6|9-52-585-3|9-52-585-2|9-50-580-1|4-97-1481-2,6-38-588-12
179,0,0,0,0,0,9-50-580-3|10-58-560-2|9-52-585-3|10-58-559-5|10-58-560-3|2-21-558-1|10-58-560-4|10-58-559-3|10-58-560-1|10-58-560-6|7-41-590-1|9-50-580-1|2-21-564-3|2-21-564-4|2-21-557-2,6-38-849-2
180,0,0,0,0,0,7-41-590-1|10-58-560-2|2-21-558-1|10-58-560-1|10-58-559-5|10-58-559-3|10-58-560-6|5-31-591-1|10-58-560-4|7-41-569-3|2-21-557-2|2-21-564-3|10-58-559-2|1-87-1085-1|3-25-567-1,6-37-2328-1
181,0,0,0,0,0,2-21-557-2|10-58-559-5|2-21-557-1|10-58-560-2|2-21-558-1|10-58-559-3|9-50-580-3|10-58-559-2|10-58-560-6|10-58-560-1|2-21-557-3|2-21-556-2|10-58-559-7|10-58-560-4|8-47-1348-3,6-35-1790-2
182,0,0,0,0,0,7-41-590-1|1-87-1085-1|7-41-590-2|8-47-1342-1|5-31-591-1|5-31-591-3|2-21-557-2|2-21-564-3|2-21-564-1|2-21-557-1|10-58-560-2|10-58-560-1|2-21-564-4|2-21-558-1|10-58-559-5,6-36-1610-1
183,0,0,0,0,0,2-21-558-1|9-52-585-3|10-58-560-2|9-50-580-3|10-58-559-5|10-58-560-1|10-58-559-3|10-58-560-6|2-21-557-2|10-58-560-4|10-58-559-2|1-87-1085-1|10-58-560-3|7-41-590-1|9-52-585-2,6-38-588-7
184,0,0,0,0,0,1-87-1481-3|7-41-590-1|1-87-1085-1|4-97-1481-4|2-21-558-1|4-97-1481-3|2-21-564-3|10-58-560-1|10-58-560-2|2-21-557-2|1-87-1481-2|10-58-560-6|2-21-557-3|1-87-1481-1|2-21-557-1,6-93-842-1
185,0,0,0,0,0,7-41-590-1|2-21-564-3|9-50-580-3|2-21-564-4|2-21-558-1|10-58-560-2|10-58-560-1|2-21-564-5|2-21-564-1|2-21-557-2|6-38-589-4|9-52-585-3|9-50-580-1|6-38-589-6|9-50-580-2,6-38-589-7
186,0,0,0,0,0,7-41-590-1|1-87-1085-1|2-21-558-1|1-87-1481-3|10-58-560-1|10-58-560-2|7-41-590-2|2-21-557-2|8-47-1342-1|6-38-589-6|6-38-589-4|2-21-557-1|10-58-560-6|4-97-1481-4|2-21-564-3,6-37-17-2
187,0,0,0,0,0,7-41-590-1|8-47-1348-3|2-21-557-2|7-41-590-2|2-21-557-1|8-47-1348-1|8-47-1348-2|7-41-569-2|5-31-591-1|8-47-1348-4|2-21-564-3|2-21-564-1|2-21-557-3|10-58-560-1|10-58-560-2,6-85-1176-1
188,0,0,0,0,0,6-38-588-8|6-38-588-11|6-38-588-9|6-38-588-10|6-38-589-4|6-38-589-6|6-38-588-12|6-38-589-5|6-38-588-3|6-38-588-13|6-38-588-6|6-38-588-5|6-38-589-3|6-38-588-1|6-38-588-2,6-38-848-1
189,0,0,0,0,0,7-41-590-1|5-31-591-1|7-41-590-2|1-87-1085-1|5-31-591-3|5-31-591-2|2-21-557-2|2-21-557-1|10-58-560-2|2-21-564-3|10-58-560-1|2-21-564-7|9-50-580-2|2-21-564-1|2-21-564-6,6-34-845-5
190,0,0,0,0,0,7-41-590-1|2-21-558-1|9-52-585-3|7-41-590-2|2-21-557-2|9-50-580-3|7-41-575-2|10-58-560-1|10-58-560-2|7-41-569-3|6-38-589-6|9-52-585-2|6-38-589-4|10-57-565-1|9-50-580-1,6-38-763-1
191,0,0,0,0,0,1-87-1085-1|7-41-590-1|2-21-558-1|9-50-580-3|9-52-585-3|10-58-560-2|10-58-560-1|9-50-580-2|9-50-580-1|2-21-557-2|2-21-564-3|9-52-585-2|10-58-560-6|10-58-560-4|10-58-559-5,6-37-375-7
192,0,0,0,0,0,7-41-590-1|2-21-564-3|2-21-564-1|2-21-564-4|2-21-564-5|5-31-591-1|2-21-564-7|10-58-560-2|1-87-1085-1|9-50-580-3|2-21-564-6|10-58-560-1|5-31-591-3|7-41-590-2|2-21-558-1,6-38-589-6
193,0,0,0,0,0,10-58-560-2|10-58-559-3|10-58-560-1|2-21-558-1|10-58-560-6|10-58-559-5|10-58-559-2|7-41-590-1|10-58-560-4|2-21-557-2|10-58-559-7|2-21-556-2|5-31-591-1|2-21-564-3|1-87-1085-1,6-37-2327-2
194,0,0,0,0,0,8-47-1342-1|9-52-366-1|9-51-364-1|7-41-590-1|8-48-691-2|7-41-590-2|9-50-365-1|2-21-557-2|6-86-691-2|2-21-557-1|2-21-557-3|5-31-591-1|7-41-569-2|2-21-2274-1|1-87-1085-1,6-36-1609-1
195,0,0,0,0,0,10-58-560-2|1-87-1085-1|10-58-560-1|10-58-559-5|7-41-590-1|10-58-559-3|10-58-560-6|2-21-558-1|2-21-557-2|10-58-559-2|10-58-560-4|7-41-569-3|10-58-560-3|10-58-559-7|4-97-1481-3,6-93-842-2
196,0,0,0,0,0,7-41-590-1|2-21-558-1|7-41-590-2|1-87-1085-1|8-47-1348-3|10-58-560-2|10-58-560-1|2-21-564-3|9-50-580-3|9-50-580-1|9-50-580-2|8-47-1348-2|10-58-560-6|2-21-557-2|2-21-564-1,6-36-1273-1
197,0,0,0,0,0,6-38-589-5|6-38-588-8|6-38-588-11|6-38-589-6|6-38-588-12|6-38-588-9|6-38-589-4|6-38-589-3|6-38-588-10|6-38-588-3|6-38-588-13|6-38-588-1|6-38-588-6|6-38-588-2|6-38-588-5,6-38-846-1
198,0,0,0,0,0,7-41-590-1|7-41-590-2|2-21-558-1|8-47-1348-3|1-87-1085-1|9-50-580-2|10-58-560-2|9-50-580-1|10-58-560-1|10-58-559-7|9-50-580-3|8-47-1348-2|3-25-567-1|2-21-564-3|2-22-700-4,6-35-1274-2
199,0,0,0,0,0,6-38-588-12|6-38-588-9|6-38-589-5|6-38-588-11|6-38-588-8|6-38-589-6|6-38-588-10|6-38-588-3|6-38-588-13|6-38-589-4|6-38-589-3|6-38-588-5|6-38-588-6|6-38-588-7|6-38-588-2,6-35-845-3
200,0,0,0,0,0,10-58-560-2|8-47-1348-3|10-58-559-5|2-21-557-2|10-58-560-6|10-58-560-1|10-58-559-3|2-21-558-1|8-47-1348-2|10-58-559-2|10-58-560-4|8-47-1348-1|10-58-559-7|2-21-557-1|2-22-700-5,6-35-1790-3
201,0,0,0,0,0,7-41-590-1|8-47-1342-1|2-21-557-2|7-41-569-3|7-41-575-2|9-52-366-1|2-21-558-1|9-52-585-3|7-41-575-4|10-58-560-2|9-51-364-1|10-58-560-1|7-41-569-1|2-21-556-2|7-41-571-2,6-37-375-8
202,0,0,0,0,0,7-41-590-1|2-21-558-1|10-58-560-2|2-21-557-2|10-58-560-1|10-58-559-5|10-58-559-3|2-21-561-3|2-21-561-4|10-58-559-7|2-21-556-2|10-58-559-2|5-31-591-1|10-58-560-3|10-58-560-4,6-38-588-9
203,0,0,0,0,0,6-38-588-8|6-38-589-5|6-38-588-11|6-38-588-9|6-38-588-10|6-38-588-12|6-38-589-6|6-38-588-3|6-38-589-4|6-38-588-13|6-38-588-6|6-38-588-2|6-38-589-3|6-38-588-5|6-38-588-1,6-34-845-2
204,0,0,0,0,0,10-58-560-2|10-58-560-1|10-58-559-5|10-58-559-3|1-87-1085-1|7-41-590-1|10-58-560-6|2-21-558-1|10-58-559-2|10-58-560-4|9-50-580-3|1-87-1481-1|2-21-557-2|2-21-564-3|2-21-556-2,6-36-958-1
205,0,0,0,0,0,10-58-560-3|2-21-564-5|10-58-560-2|10-58-559-5|2-21-564-4|10-58-560-4|7-41-590-1|10-58-559-3|2-21-564-3|9-50-580-3|10-58-560-1|2-21-558-1|2-21-564-7|2-21-564-6|10-58-559-4,6-38-588-2
206,0,0,0,0,0,7-41-590-1|2-21-564-3|2-21-558-1|2-21-564-5|5-31-591-1|2-21-564-1|5-31-591-3|7-41-590-2|2-21-564-4|10-58-560-2|2-21-564-6|2-21-564-7|10-58-560-1|2-21-564-2|1-87-1085-1,12-71-1148-2
207,0,0,0,0,0,7-41-590-1|10-58-560-2|2-21-564-3|5-31-591-1|5-31-591-3|10-58-560-1|7-41-590-2|2-21-557-2|2-21-558-1|1-87-1085-1|2-21-557-1|2-21-564-5|2-21-564-7|9-50-580-3|2-21-564-1,12-92-874-1
208,0,0,0,0,0,2-21-558-1|6-38-589-4|10-58-559-7|10-58-559-5|6-38-589-5|10-58-560-2|10-58-560-1|10-58-559-3|6-38-589-6|10-58-560-6|6-38-588-8|10-58-559-2|6-38-588-12|10-57-565-7|6-38-588-10,12-70-622-4
209,0,0,0,0,0,7-41-590-1|7-41-569-7|7-41-590-2|7-41-575-2|3-25-567-3|9-52-585-1|3-25-567-1|7-41-569-1|7-41-569-3|7-41-575-1|9-52-585-2|7-41-575-3|5-31-591-3|7-41-569-6|9-52-585-3,12-70-1159-3
210,0,0,0,0,0,10-58-560-2|10-58-559-5|10-58-559-3|10-58-559-7|1-87-1085-1|10-58-559-2|2-21-557-2|10-58-560-1|2-21-558-1|10-58-560-6|10-58-560-3|10-58-560-4|2-21-556-2|3-25-567-1|10-58-559-4,12-95-988-1
211,0,0,0,0,0,7-41-590-1|1-87-1085-1|5-31-591-1|2-21-564-3|10-58-560-2|5-31-591-3|7-41-590-2|10-58-560-1|2-21-557-2|2-21-564-1|1-87-1481-3|2-21-558-1|7-41-569-3|2-21-564-4|6-38-589-6,12-71-764-1
212,0,0,0,0,0,10-58-560-2|2-21-558-1|10-58-560-4|10-58-560-1|10-58-560-6|10-58-560-3|10-58-559-3|10-58-559-5|2-21-557-2|9-50-580-3|1-87-1085-1|10-58-559-2|7-41-590-1|9-52-585-3|10-58-559-4,12-95-1118-2
213,0,0,0,0,0,7-41-590-1|10-58-559-5|10-58-559-4|10-58-560-3|2-21-561-3|7-41-569-5|10-58-559-3|9-52-585-3|10-58-559-2|2-21-558-1|2-21-557-2|2-21-556-2|7-41-569-3|9-50-580-3|10-58-560-2,12-95-985-5
214,0,0,0,0,0,7-41-590-1|5-31-591-1|2-21-557-2|10-58-560-2|10-58-560-1|5-31-591-3|1-87-1085-1|7-41-590-2|5-31-591-2|2-21-558-1|10-58-560-6|2-21-557-1|8-47-1348-3|2-21-564-3|9-52-585-3,12-92-882-1
215,0,0,0,0,0,10-58-560-2|10-58-559-5|7-41-590-1|2-21-558-1|10-58-560-1|1-87-1085-1|2-21-564-3|10-58-560-6|10-58-559-3|9-50-580-3|10-58-560-3|10-58-560-4|2-21-564-5|2-21-564-4|6-38-589-6,12-71-764-2
216,0,0,0,0,0,7-41-590-1|10-58-560-2|10-58-560-1|2-21-558-1|10-58-560-6|10-58-560-4|10-58-559-5|10-58-560-3|2-21-557-2|10-58-559-3|6-38-589-6|10-58-559-2|2-21-564-3|6-38-589-4|2-21-556-2,12-72-1102-1
217,0,0,0,0,0,7-41-590-1|10-58-560-2|2-21-558-1|10-58-559-5|10-58-560-1|2-21-557-2|10-58-559-3|10-58-560-6|5-31-591-1|7-41-575-2|10-58-559-2|7-41-569-3|1-87-1085-1|10-58-560-4|2-21-556-2,12-71-765-1
218,0,0,0,0,0,2-21-558-1|9-51-364-1|9-50-365-1|9-52-585-3|9-52-366-1|10-58-559-5|7-41-590-1|10-58-560-4|9-52-585-2|10-58-559-3|2-21-557-2|9-52-585-1|7-41-575-2|10-58-560-2|10-58-559-2,12-70-1435-2
219,0,0,0,0,0,7-41-575-2|7-41-590-1|2-21-558-1|7-41-569-3|10-58-559-5|7-41-569-7|7-41-575-3|7-41-590-2|10-57-565-1|9-51-364-1|9-52-585-2|6-38-589-5|9-52-366-1|5-31-591-3|7-41-569-6,12-71-770-2
220,0,1,1,1,1,2-21-558-1|12-72-1212-1|10-63-1212-1|2-21-564-3|10-58-560-2|2-21-564-7|2-21-557-3|2-21-557-2|7-41-1212-1|2-21-557-1|10-58-560-1|2-21-556-2|2-21-564-2|2-21-564-6|10-58-560-6,12-72-1212-1
221,0,0,0,0,0,7-41-590-1|5-31-591-1|7-41-590-2|2-21-557-2|1-87-1085-1|5-31-591-3|5-31-591-2|2-21-557-1|2-21-564-3|2-21-564-7|10-58-560-2|2-21-564-1|10-58-560-1|2-21-564-6|2-21-564-2,12-71-1209-2
222,0,0,0,0,0,10-58-560-2|2-21-558-1|10-58-559-5|10-58-560-3|1-87-1085-1|2-21-564-3|5-31-591-3|7-41-590-1|2-21-564-7|2-21-564-5|10-58-560-6|10-58-559-3|3-25-567-3|10-58-560-4|3-25-567-1,12-70-1209-2
223,0,0,0,0,0,7-41-575-2|7-41-590-1|2-21-558-1|8-47-1342-1|7-41-575-3|9-52-585-2|9-52-585-3|7-41-569-3|10-58-559-5|7-41-569-7|7-41-575-4|9-52-585-1|7-41-590-2|7-41-569-1|2-21-557-2,12-71-770-1
224,0,0,0,0,0,7-41-590-1|7-41-590-2|5-31-591-1|5-31-591-3|1-87-1085-1|7-41-575-2|2-21-557-2|1-87-1481-3|2-21-564-3|8-47-1342-1|10-58-560-1|2-21-558-1|7-41-569-3|9-52-585-3|10-58-560-2,12-70-768-1
225,0,0,0,0,0,7-41-590-1|5-31-591-1|1-87-1085-1|10-58-560-2|10-58-560-1|5-31-591-3|7-41-590-2|2-21-557-2|2-21-564-3|6-38-589-6|2-21-558-1|6-38-589-4|5-31-591-2|9-50-580-3|1-87-1481-3,12-71-771-1
226,0,0,0,0,0,7-41-590-1|5-31-591-1|2-21-558-1|2-21-564-3|1-87-1085-1|10-58-560-2|10-58-560-1|5-31-591-3|7-41-590-2|8-47-1348-3|2-21-557-2|8-47-1342-1|5-31-591-2|2-21-564-7|2-21-564-1,12-95-984-1
227,0,0,0,0,0,10-58-560-2|7-41-590-1|10-58-560-1|10-58-559-3|10-58-560-6|10-58-559-5|2-21-558-1|1-87-1085-1|10-58-560-4|2-21-557-2|10-58-559-2|2-21-564-3|7-41-569-3|10-58-559-7|2-21-556-2,12-70-1720-4
228,0,0,0,0,0,10-58-560-2|2-21-558-1|10-58-560-1|10-58-559-5|10-58-559-3|10-58-560-6|2-21-557-2|10-58-560-3|10-58-559-2|10-58-560-4|7-41-590-1|2-21-564-3|2-21-564-5|2-21-564-4|2-21-557-1,12-70-1427-1
229,0,0,0,0,0,7-41-590-1|2-21-558-1|1-87-1085-1|10-58-560-2|10-58-560-1|9-52-585-3|9-50-580-3|9-50-580-1|2-21-564-3|9-52-585-2|10-58-560-6|9-50-580-2|10-58-560-4|1-87-1481-3|4-97-1481-3,12-70-1720-2
230,0,0,0,0,0,10-58-560-2|9-50-580-3|2-21-558-1|10-58-560-1|10-58-560-6|10-58-559-5|10-58-560-3|10-58-559-3|10-58-560-4|2-21-557-2|9-52-585-3|7-41-590-1|1-87-1085-1|10-58-559-2|9-50-580-1,12-95-1118-1
231,0,0,0,0,0,7-41-590-1|8-47-1342-1|2-21-558-1|1-87-1085-1|2-21-557-2|5-31-591-1|10-58-560-2|2-21-557-1|10-58-560-1|7-41-590-2|2-21-564-3|5-31-591-3|7-41-569-3|10-58-559-5|7-41-569-2,12-71-765-2
232,0,0,0,0,0,7-41-590-1|7-41-575-2|10-58-559-5|10-58-560-2|6-38-589-6|7-41-575-3|10-58-559-3|5-31-591-3|7-41-590-2|5-31-591-1|10-58-560-3|10-58-560-1|2-21-558-1|2-21-561-4|2-21-557-2,7-41-627-1
233,0,0,0,0,0,7-41-590-1|7-41-590-2|10-58-560-2|2-21-564-3|10-58-560-1|1-87-1085-1|5-31-591-1|5-31-591-3|2-21-557-2|2-21-558-1|2-21-564-1|6-38-589-6|10-58-560-6|2-21-564-4|2-21-557-1,7-39-1802-1
234,0,0,0,0,0,10-58-560-2|10-58-560-1|10-58-560-4|10-58-560-6|2-21-558-1|7-41-590-1|2-21-557-2|10-58-559-5|10-58-560-3|9-52-585-3|10-58-559-3|9-50-580-3|10-58-559-2|1-87-1085-1|10-58-559-7,7-41-484-2
235,0,0,0,0,0,7-41-590-1|5-31-591-1|1-87-1085-1|2-21-564-3|10-58-560-1|10-58-560-2|2-21-557-2|2-21-558-1|10-58-560-6|7-41-569-3|5-31-591-3|2-21-564-7|7-41-590-2|2-21-564-1|5-31-591-2,7-39-1798-1
236,0,0,0,0,0,7-41-590-1|7-41-590-2|5-31-591-3|5-31-591-1|2-21-564-5|2-21-564-1|2-21-564-3|2-21-564-6|2-21-564-4|5-31-591-2|2-21-564-2|2-21-564-7|1-87-1085-1|10-58-560-2|7-41-569-7,7-41-987-3
237,0,0,0,0,0,10-57-565-6|3-25-567-3|10-57-565-10|10-57-565-9|10-58-559-6|10-57-565-11|7-41-575-2|10-57-565-13|3-25-567-1|7-41-569-7|7-41-575-3|9-52-585-1|10-57-565-12|10-65-587-3|10-57-565-7,7-43-628-2
238,0,0,0,0,0,10-58-560-2|2-21-558-1|10-58-559-5|10-58-560-1|10-58-560-6|10-58-559-3|2-21-564-3|1-87-1085-1|10-58-560-4|10-58-560-3|2-21-557-2|2-21-564-5|9-50-580-3|10-58-559-2|2-21-561-4,7-43-573-3
239,0,0,0,0,0,7-41-590-1|9-50-580-3|10-58-560-2|10-58-560-1|7-41-590-2|1-87-1085-1|2-21-558-1|2-21-564-3|9-50-580-2|9-50-580-1|5-31-591-1|2-21-564-4|9-52-585-3|2-21-564-1|2-21-557-2,7-40-1801-1
240,0,0,0,0,0,10-58-560-2|2-21-558-1|7-41-590-1|10-58-560-1|10-58-560-6|2-21-557-2|7-41-569-3|10-58-560-4|10-58-560-3|9-52-585-3|7-41-569-1|10-58-559-5|10-58-559-3|2-21-556-2|9-52-585-2,7-41-1642-5
241,0,0,0,0,0,7-41-590-1|10-58-560-2|10-58-559-5|10-58-560-1|10-58-559-3|1-87-1085-1|2-21-558-1|10-58-560-6|5-31-591-1|9-50-580-3|10-58-559-2|1-87-1481-3|2-21-557-2|10-58-560-4|2-21-564-3,7-40-1798-1
242,0,0,0,0,0,10-58-560-2|10-58-560-1|7-41-590-1|2-21-558-1|2-21-557-2|10-58-560-6|2-21-564-3|10-58-559-5|10-58-559-3|1-87-1085-1|2-21-564-5|10-58-559-2|10-58-560-4|7-41-569-3|2-21-564-4,7-39-1611-1
243,0,0,0,0,0,1-87-1085-1|7-41-590-1|2-21-557-2|10-58-560-2|10-58-560-1|9-50-580-3|2-21-558-1|2-21-564-3|9-50-580-1|10-58-560-6|9-52-585-3|9-50-580-2|10-58-560-4|2-21-557-1|5-31-591-1,7-43-574-3
244,0,0,0,0,0,10-58-560-2|7-41-590-1|2-21-557-2|10-58-560-1|2-21-558-1|10-58-559-5|10-58-559-3|10-58-560-6|2-21-556-2|10-58-559-2|10-58-560-4|7-41-569-3|10-58-560-3|2-21-557-1|7-41-575-2,7-41-512-3
245,0,0,0,0,0,2-21-564-3|10-58-560-2|10-58-560-1|2-21-557-2|10-58-559-3|10-58-560-6|10-58-559-5|2-21-558-1|2-21-564-7|2-21-556-2|10-58-559-2|7-41-590-1|1-87-1085-1|10-58-560-4|3-25-567-1,7-39-570-3
246,0,0,0,0,0,7-41-590-1|10-58-560-2|10-58-560-1|2-21-557-2|10-58-560-6|5-31-591-3|2-21-564-3|5-31-591-1|10-58-559-5|2-21-558-1|10-58-559-3|10-58-560-4|7-41-569-3|2-21-557-1|2-21-556-2,7-40-1806-2
247,0,0,0,0,0,7-41-590-1|9-52-585-3|2-21-558-1|2-21-557-2|10-58-560-1|10-58-560-2|5-31-591-1|7-41-590-2|9-50-580-1|7-41-569-3|9-52-585-2|9-50-580-3|1-87-1085-1|2-21-557-1|9-50-580-2,7-40-991-1
248,0,0,0,0,0,2-21-558-1|10-58-560-2|10-58-560-1|10-58-560-6|10-58-559-3|7-41-590-1|10-58-559-5|2-21-557-2|10-58-560-4|10-58-559-2|1-87-1085-1|9-50-580-3|2-21-564-3|9-52-585-3|9-50-580-1,7-39-1642-2
249,0,0,0,0,0,2-21-558-1|9-52-585-3|7-41-590-1|10-58-560-2|10-58-560-1|10-57-565-1|9-52-585-2|10-58-559-3|10-58-560-4|10-58-559-5|10-58-560-6|10-57-565-7|2-21-557-2|9-52-585-1|9-50-580-3,7-41-488-1
250,0,0,0,0,0,7-41-590-1|2-21-558-1|7-41-569-7|7-41-569-6|10-58-559-5|3-25-567-1|7-41-569-3|10-58-559-3|7-41-569-5|10-58-560-2|2-21-556-2|10-58-560-3|7-41-575-2|10-58-560-1|7-41-569-2,7-40-479-2
251,0,0,0,0,0,7-41-590-1|10-58-560-2|2-21-558-1|2-21-564-3|10-58-559-5|10-58-560-1|10-58-560-6|10-58-559-3|5-31-591-3|2-21-557-2|7-41-569-3|10-58-560-4|2-21-564-7|10-58-560-3|7-41-575-2,7-41-1210-1
252,0,0,0,0,0,7-41-590-1|1-87-1085-1|5-31-591-1|10-58-560-1|10-58-560-2|2-21-557-2|2-21-564-3|2-21-558-1|10-58-560-6|2-21-557-1|7-41-590-2|5-31-591-3|5-31-591-2|2-21-564-1|7-41-569-3,7-39-1793-1
253,0,0,0,0,0,7-41-590-1|10-58-560-2|10-58-560-1|2-21-557-2|2-21-558-1|10-58-560-6|7-41-569-3|10-58-559-3|10-58-560-4|2-21-556-2|10-58-559-5|2-21-564-3|2-21-557-1|10-58-559-2|10-58-560-3,7-39-1611-2
254,0,0,0,0,0,2-21-557-2|10-58-560-2|10-58-560-1|8-47-1342-1|10-58-560-6|7-41-590-1|2-21-557-1|10-58-559-5|2-21-558-1|2-21-556-2|10-58-559-3|10-58-560-4|1-87-1085-1|2-21-557-3|10-58-559-2,7-39-1853-1
255,0,0,0,0,0,7-41-590-1|9-50-580-3|2-21-557-2|2-21-558-1|10-58-560-2|10-58-560-1|2-21-557-1|9-52-585-3|9-50-580-1|2-21-564-3|9-50-580-2|1-87-1085-1|10-58-560-6|2-21-564-4|10-58-560-4,7-39-1611-4
256,0,0,0,0,0,7-41-590-1|2-21-558-1|1-87-1085-1|10-58-560-2|2-21-557-2|10-58-560-1|2-21-564-3|9-50-580-3|9-50-580-1|2-21-564-4|9-50-580-2|8-47-1348-3|9-52-585-3|10-58-560-6|2-21-564-1,7-39-1641-1
257,0,0,0,0,0,7-41-590-1|2-21-558-1|10-58-560-1|10-58-560-2|2-21-564-3|1-87-1085-1|2-21-557-2|9-50-580-3|9-52-585-3|2-21-564-4|9-50-580-1|2-21-564-1|10-58-560-6|10-58-560-4|8-45-563-1,7-39-1811-1
258,0,0,0,0,0,7-41-590-1|5-31-591-1|10-58-560-1|10-58-560-2|2-21-557-2|7-41-590-2|1-87-1085-1|10-58-560-6|2-21-558-1|5-31-591-2|8-47-1348-3|6-38-589-4|1-87-1481-3|1-87-1481-2|9-52-585-3,7-40-1530-1
259,0,0,0,0,0,10-58-560-2|2-21-558-1|10-58-560-1|10-58-559-3|2-21-557-2|10-58-560-6|7-41-590-1|10-58-559-5|2-21-564-3|10-58-559-2|1-87-1085-1|2-21-556-2|2-21-564-7|10-58-560-4|10-58-559-7,7-41-1611-2
260,0,0,0,0,0,7-41-590-1|2-21-558-1|7-41-569-6|7-41-569-3|7-41-569-1|7-41-569-5|7-41-569-7|3-25-567-1|10-58-559-3|2-21-556-2|7-41-575-2|2-21-557-2|10-58-559-5|10-64-568-1|7-41-569-2,7-40-479-3
261,0,0,0,0,0,7-41-590-1|1-87-1085-1|10-58-560-1|10-58-560-2|2-21-564-3|2-21-557-2|5-31-591-1|2-21-558-1|10-58-560-6|7-41-590-2|9-50-580-3|9-50-580-1|2-21-564-1|2-21-564-7|2-21-557-1,7-40-1793-1
262,0,0,0,0,0,7-41-590-1|2-21-557-2|2-21-558-1|10-58-560-2|10-58-560-1|7-41-590-2|2-21-557-1|5-31-591-1|2-21-564-3|9-52-585-3|9-50-580-3|7-41-569-3|10-58-560-6|10-58-560-4|2-21-564-4,7-39-1805-1
263,0,0,0,0,0,10-58-560-2|2-21-558-1|7-41-590-1|10-58-560-1|2-21-557-2|10-58-559-5|10-58-560-6|10-58-560-4|10-58-559-3|2-21-556-2|10-58-560-3|7-41-569-3|2-21-564-3|5-31-591-1|10-58-559-2,7-40-1807-1
264,0,0,0,0,0,10-58-559-7|10-58-559-2|10-58-559-5|10-58-559-3|10-58-560-2|10-58-560-1|2-21-558-1|7-41-590-1|1-87-1085-1|10-58-560-4|10-58-560-6|2-21-557-2|2-21-556-2|10-58-559-4|8-47-1348-3,7-43-1270-1
265,0,0,0,0,0,7-41-590-1|2-21-558-1|1-87-1085-1|10-58-560-2|10-58-560-1|9-50-580-3|9-52-585-3|8-47-1348-3|7-41-590-2|6-38-589-6|9-50-580-1|9-50-580-2|2-21-557-2|2-21-564-3|6-38-589-4,7-41-488-3
266,0,0,0,0,0,7-41-590-1|5-31-591-1|2-21-564-3|1-87-1085-1|5-31-591-3|7-41-590-2|2-21-564-1|2-21-558-1|2-21-564-7|10-58-560-2|2-21-557-2|10-58-560-1|2-21-564-5|2-21-564-4|5-31-591-2,7-40-1898-1
267,0,0,0,1,1,7-41-590-1|5-31-591-1|2-21-558-1|1-87-1085-1|10-58-560-1|2-21-557-2|10-58-560-2|7-41-590-2|5-31-591-3|2-21-564-3|5-31-591-2|8-47-1348-3|10-58-560-6|2-21-557-1|7-41-569-3,7-41-590-2
268,0,0,0,0,0,10-58-560-2|10-58-560-1|7-41-590-1|2-21-558-1|10-58-560-6|10-58-559-5|1-87-1085-1|10-58-559-3|10-58-560-4|2-21-557-2|10-58-559-2|10-58-560-3|7-41-569-3|2-21-564-3|10-58-559-7,7-39-651-3
269,0,0,0,0,0,2-21-558-1|7-41-590-1|10-58-560-2|10-58-560-1|10-58-559-5|10-58-559-3|10-58-560-6|2-21-557-2|10-58-559-2|10-58-560-4|1-87-1085-1|9-50-580-3|10-58-560-3|7-41-569-3|10-58-559-7,7-41-1154-4
270,0,0,0,0,0,2-21-557-2|7-41-590-1|2-21-556-2|5-31-2063-1|2-21-557-1|2-21-558-1|10-58-559-3|7-41-569-3|2-21-556-1|7-41-575-4|10-58-560-1|10-58-560-2|8-47-1342-1|10-58-559-2|7-41-569-2,7-41-512-4
271,0,0,0,0,0,10-57-565-6|10-57-565-10|10-57-565-11|10-57-565-9|10-57-565-13|10-58-559-6|10-58-560-3|10-57-565-12|10-65-587-3|7-41-569-7|3-25-567-3|10-57-565-7|9-50-581-3|9-50-581-2|10-57-565-14,7-43-957-1
272,0,0,0,0,0,7-41-590-1|9-50-580-3|10-58-560-1|10-58-560-2|2-21-558-1|9-52-585-3|2-21-557-2|9-50-580-1|10-58-560-6|9-50-580-2|2-21-564-3|10-58-560-4|9-52-585-2|2-21-557-1|7-41-590-2,7-41-1154-1
273,0,0,0,0,0,2-21-558-1|9-52-366-1|7-41-590-1|9-51-364-1|2-21-557-2|10-58-560-2|8-47-1342-1|9-52-585-2|9-52-585-3|10-58-559-5|2-21-556-2|5-31-591-3|9-50-365-1|10-58-560-1|10-58-559-3,7-41-481-2
274,0,0,0,0,0,10-58-560-2|10-58-560-1|2-21-557-2|10-58-560-6|7-41-590-1|2-21-558-1|10-58-559-3|10-58-559-5|10-58-560-4|10-58-560-3|9-52-585-3|10-58-559-2|9-50-580-3|2-21-564-3|2-21-556-2,7-39-1642-4
275,0,0,0,0,0,1-87-1085-1|10-58-559-3|2-21-558-1|10-58-560-1|10-58-560-2|10-58-560-4|10-58-560-6|10-58-559-5|10-58-559-2|7-41-590-1|9-50-580-3|9-52-585-3|2-21-557-2|10-58-560-3|9-51-364-1,7-41-921-1
276,1,1,1,1,1,7-41-590-1|2-21-557-2|8-47-1342-1|2-21-557-1|9-51-364-1|9-52-366-1|2-21-557-3|2-21-558-1|2-21-556-2|10-58-560-1|7-41-590-2|9-52-585-3|10-58-560-2|9-50-365-1|8-48-691-2,7-41-590-1
277,0,0,0,0,0,7-41-590-1|2-21-558-1|9-50-580-3|10-58-560-1|2-21-557-2|10-58-560-2|9-50-580-1|9-52-585-3|2-21-564-3|2-21-564-4|9-50-580-2|10-58-560-6|10-58-560-4|2-21-557-1|2-21-564-5,7-41-1611-1
278,0,0,0,0,0,7-41-590-1|5-31-591-1|10-58-560-2|2-21-557-2|10-58-560-1|7-41-590-2|2-21-564-3|1-87-1085-1|2-21-558-1|5-31-591-3|2-21-557-1|10-58-560-6|7-41-569-3|2-21-557-3|5-31-591-2,7-40-1799-1
279,0,0,0,0,0,7-41-590-1|7-41-590-2|5-31-591-3|5-31-591-1|10-58-560-2|10-58-560-1|2-21-564-3|2-21-558-1|2-21-557-2|1-87-1085-1|5-31-591-2|10-58-560-6|2-21-557-1|2-21-564-1|2-21-564-5,7-39-1808-1
280,0,0,0,0,0,9-51-364-1|9-50-365-1|9-52-366-1|9-52-585-3|9-50-580-3|2-21-558-1|10-58-559-5|10-58-560-4|9-52-585-1|9-52-585-2|10-58-559-3|10-58-560-3|2-21-557-2|9-50-580-2|7-41-590-1,7-41-569-3
281,0,0,0,0,0,7-41-590-1|2-21-558-1|10-58-560-2|10-58-560-1|10-58-560-3|7-41-569-3|10-58-559-5|6-38-589-6|10-58-560-4|7-41-569-7|7-41-575-2|2-21-564-5|2-21-564-3|7-41-575-3|2-21-564-4,2-21-598-3
282,0,0,0,0,0,2-21-558-1|10-58-560-2|10-58-559-5|10-58-560-1|10-58-559-3|9-52-585-3|10-58-560-6|10-58-559-2|2-21-557-2|10-58-560-4|7-41-590-1|9-52-585-2|9-50-580-3|10-58-560-3|10-58-559-4,2-21-561-2
283,0,0,0,0,0,7-41-590-1|10-58-559-2|10-58-559-3|2-21-557-2|10-58-559-7|10-58-560-1|10-58-560-2|10-58-559-5|2-21-556-2|10-58-560-6|5-31-591-1|2-21-2274-2|8-47-1348-1|1-87-1085-1|2-21-558-1,2-22-707-3
284,0,0,0,0,0,8-47-1342-1|2-21-557-2|2-21-557-1|7-41-590-1|1-87-1085-1|2-22-700-4|10-58-560-2|8-47-1348-1|2-21-558-1|10-58-560-1|2-21-556-2|2-21-557-3|8-48-691-2|8-47-1348-3|10-58-560-6,2-22-703-1
285,0,0,0,0,0,7-41-590-1|10-58-560-2|10-58-560-1|10-58-559-5|10-58-559-3|7-41-575-2|10-58-560-6|2-21-557-2|7-41-569-3|2-21-558-1|10-58-559-2|2-21-564-3|10-58-560-4|7-41-575-3|10-58-560-3,2-75-1804-1
286,0,0,0,0,0,7-41-590-1|10-58-559-5|10-58-559-3|2-21-558-1|2-21-557-2|2-21-556-2|10-58-560-2|10-58-559-2|5-31-591-1|2-21-564-3|10-58-560-1|2-21-564-4|3-25-567-1|10-58-560-4|10-58-559-7,2-21-564-1
287,0,0,0,0,0,7-41-590-1|10-58-560-2|2-21-564-3|2-21-558-1|10-58-559-5|1-87-1085-1|10-58-560-1|5-31-591-3|2-21-564-5|7-41-569-3|2-21-564-7|10-58-560-6|10-58-559-3|7-41-575-2|10-58-560-3,2-21-598-2
288,0,0,0,0,0,1-87-1085-1|9-52-585-3|7-41-590-1|2-21-558-1|9-50-580-3|9-50-580-1|1-87-1481-2|9-50-580-2|1-87-1481-3|4-97-1481-4|4-97-1481-3|10-58-560-1|9-52-585-2|10-58-560-2|8-47-1348-3,2-22-1374-2
289,0,0,0,0,0,7-41-590-1|10-58-560-2|10-58-560-1|10-58-560-6|10-58-559-5|10-58-559-3|2-21-558-1|2-21-557-2|7-41-569-3|2-21-564-3|10-58-560-4|2-21-556-2|10-58-560-3|5-31-591-3|10-58-559-2,2-21-671-1
290,0,0,0,0,0,7-41-590-1|8-47-1342-1|2-21-557-2|2-21-558-1|5-31-591-1|7-41-590-2|2-21-557-1|10-58-560-1|7-41-569-3|9-52-585-3|10-58-560-2|10-58-559-5|8-47-1348-3|7-41-569-2|9-51-364-1,2-21-594-2
291,0,0,0,0,0,7-41-590-1|10-58-560-2|10-58-560-1|2-21-557-2|10-58-560-6|10-58-559-3|10-58-559-5|10-58-560-4|9-50-580-3|10-58-559-2|2-21-558-1|7-41-569-3|10-58-560-3|2-21-556-2|2-21-564-3,2-23-751-2
292,0,0,0,1,1,7-41-590-1|2-21-558-1|10-58-559-5|10-58-560-2|10-58-559-3|9-52-585-3|7-41-575-2|10-58-559-2|2-21-557-2|10-58-560-1|7-41-569-3|6-38-589-6|8-47-1348-3|8-47-1342-1|2-21-556-2,2-21-557-2
293,0,0,0,0,0,7-41-590-1|5-31-591-1|2-21-564-3|5-31-591-3|10-58-560-2|7-41-590-2|10-58-560-1|1-87-1085-1|2-21-564-1|2-21-558-1|5-31-591-2|2-21-557-2|2-21-564-5|2-21-564-7|2-21-564-4,2-23-759-1
294,0,0,0,0,0,7-41-590-1|7-41-590-2|5-31-591-1|5-31-591-3|2-21-557-2|5-31-591-2|7-41-575-2|10-58-560-1|10-58-560-2|7-41-569-3|2-21-564-3|2-21-557-1|7-41-569-2|2-21-558-1|7-43-574-1,2-22-712-1
295,0,0,0,0,0,7-41-590-1|7-41-590-2|5-31-591-1|5-31-591-3|1-87-1085-1|2-21-564-3|5-31-591-2|2-21-558-1|2-21-557-2|2-21-557-1|10-58-560-2|9-50-580-2|9-50-580-3|7-41-569-3|2-21-564-1,2-21-556-1
296,0,0,0,0,0,2-21-558-1|10-58-560-2|7-41-590-1|10-58-559-5|10-58-560-3|5-31-591-3|2-21-564-3|3-25-567-3|2-21-564-5|10-65-587-2|10-58-560-6|10-58-560-1|9-50-580-3|3-25-567-1|7-41-590-2,2-75-669-2
297,0,0,0,0,0,2-21-564-3|2-21-564-7|7-41-590-1|10-58-560-2|2-21-564-1|2-21-564-6|2-21-564-5|10-58-560-1|2-21-564-2|5-31-591-1|5-31-591-3|2-21-564-4|10-58-560-6|10-58-559-5|2-21-557-2,2-21-670-1
298,0,0,0,0,0,7-41-590-1|10-58-560-2|10-58-560-1|10-58-560-6|10-58-560-4|9-50-580-3|10-58-559-5|10-58-559-3|2-21-558-1|10-58-559-2|1-87-1085-1|9-52-585-3|10-58-560-3|7-41-569-3|2-21-557-2,2-21-564-3
299,0,0,0,0,0,7-41-590-1|1-87-1085-1|9-50-580-3|9-50-580-2|9-52-585-3|10-58-560-2|5-31-591-1|9-50-580-1|2-21-558-1|10-58-560-1|2-21-557-2|2-21-564-5|2-21-564-3|2-21-564-4|6-38-589-6,2-21-599-1
300,0,0,0,0,0,7-41-590-1|10-58-560-2|10-58-560-1|1-87-1085-1|2-21-558-1|10-58-559-5|7-41-569-3|10-58-560-6|7-41-569-2|2-21-561-4|2-21-557-2|10-58-559-3|7-41-575-2|10-58-560-4|7-41-569-6,2-22-708-2
301,0,0,0,0,0,10-57-565-6|3-25-567-3|10-57-565-10|10-57-565-9|10-58-559-6|10-57-565-11|7-41-575-2|10-57-565-13|3-25-567-1|7-41-569-7|7-41-575-3|9-52-585-1|10-57-565-12|10-65-587-3|10-57-565-7,2-21-556-4
302,0,0,0,0,0,10-58-559-7|8-44-1269-6|6-35-1274-3|10-62-1276-3|10-58-559-5|10-58-560-2|10-58-559-2|10-58-559-3|10-62-1272-2|10-58-560-1|7-41-590-1|10-62-1276-1|6-36-1274-3|7-41-590-2|10-58-560-3,2-22-710-1
303,0,0,0,0,0,2-21-558-1|10-58-560-2|9-50-580-3|10-58-560-1|10-58-559-5|10-58-559-3|10-58-560-6|1-87-1085-1|10-58-560-4|10-58-560-3|2-21-564-3|2-21-564-4|7-41-590-1|9-52-585-3|10-58-559-2,2-23-755-3
304,0,0,0,0,0,2-21-558-1|7-41-590-1|9-51-364-1|9-52-585-3|10-58-560-2|10-58-560-1|7-41-569-3|10-58-559-3|2-21-557-2|10-58-560-4|10-58-560-6|9-50-365-1|10-58-559-5|9-52-366-1|10-58-559-2,2-21-564-5
305,0,0,0,0,0,2-21-558-1|1-87-1085-1|10-58-560-2|10-58-560-1|10-58-560-6|10-58-559-3|10-58-559-5|2-21-557-2|3-25-567-1|10-58-559-7|10-58-559-2|7-41-590-1|10-58-560-4|2-21-556-2|2-22-700-4,2-21-1622-1
306,0,0,0,1,1,7-41-590-1|10-58-560-2|10-58-560-1|2-21-557-2|1-87-1085-1|2-21-564-3|5-31-591-1|2-21-558-1|2-21-557-1|8-47-1342-1|2-21-564-5|2-21-564-1|10-58-560-6|10-58-560-4|5-31-591-3,2-21-558-1
307,0,0,0,0,0,2-21-558-1|10-58-559-5|9-52-585-3|10-58-559-3|7-41-590-1|10-58-560-2|9-50-580-3|10-58-560-1|10-58-559-2|2-21-557-2|9-52-585-2|2-21-564-3|9-50-580-1|10-58-560-4|10-58-560-6,2-22-1374-1
308,0,0,0,0,0,7-41-590-1|2-21-558-1|10-58-560-2|10-58-559-5|7-41-575-2|10-58-559-3|10-58-560-1|2-21-564-3|7-41-590-2|7-41-569-3|3-25-567-1|2-21-556-2|10-58-560-4|10-58-560-6|10-58-559-2,5-32-473-1
309,0,0,0,0,0,7-41-590-1|10-58-560-2|10-58-560-1|5-31-591-1|2-21-557-2|1-87-1085-1|2-21-558-1|7-41-590-2|2-21-564-3|10-58-560-6|5-31-591-3|2-21-557-1|7-41-569-3|9-50-580-3|10-58-560-4,5-30-1338-2
310,0,0,0,0,0,7-41-590-1|10-58-560-1|10-58-560-2|1-87-1085-1|9-50-580-3|2-21-557-2|10-58-560-6|2-21-558-1|2-21-564-3|9-50-580-1|9-50-580-2|10-58-560-4|10-58-559-3|5-31-591-1|9-52-585-3,5-32-522-1
311,0,0,0,0,0,2-21-558-1|8-47-1342-1|2-21-557-2|10-58-559-5|7-41-590-1|10-58-559-3|9-52-366-1|10-58-560-2|7-41-575-2|10-58-560-1|2-21-556-2|2-21-557-3|9-51-364-1|2-21-557-1|9-52-585-3,5-28-419-8
312,0,0,0,0,0,7-41-590-1|2-21-558-1|10-58-560-1|10-58-560-2|2-21-564-3|2-21-557-2|7-41-590-2|2-21-564-4|10-58-560-6|2-21-557-1|2-21-564-1|2-21-564-5|5-31-591-1|10-58-560-4|9-52-585-3,5-32-673-1
313,0,0,0,0,0,9-52-585-3|10-65-587-2|2-21-558-1|9-52-585-2|7-41-590-1|10-58-560-2|9-50-580-3|10-58-559-3|2-21-564-3|9-50-580-1|9-52-585-1|10-58-559-5|1-87-1085-1|2-21-557-2|9-50-580-2,5-28-419-1
314,0,0,0,0,0,1-87-1085-1|7-41-590-1|1-87-1481-2|9-50-580-3|10-58-560-2|1-87-1481-3|10-58-560-1|2-21-558-1|9-50-580-2|4-97-1481-3|9-50-580-1|2-21-564-3|10-58-560-6|4-97-1481-2|5-31-591-1,5-31-469-4
315,0,0,0,0,0,8-47-1342-1|2-21-558-1|9-52-366-1|5-31-2063-1|7-41-590-1|7-41-575-2|2-21-557-2|4-91-714-1|3-25-567-3|10-58-559-3|3-25-567-1|10-58-559-5|2-21-556-2|10-58-560-1|5-28-1700-1,5-29-486-1
316,0,0,0,0,0,1-87-1085-1|10-58-560-1|10-58-560-2|10-58-560-6|8-47-1342-1|1-87-1481-2|4-97-1481-2|10-58-559-3|10-58-559-7|7-41-590-1|10-58-559-5|10-58-559-2|2-21-557-2|2-21-558-1|1-87-1481-3,5-31-460-3
317,0,0,0,0,0,7-41-590-1|9-50-580-3|1-87-1085-1|10-58-560-1|10-58-560-2|2-21-557-2|2-21-558-1|9-50-580-1|9-50-580-2|5-31-591-1|2-21-564-3|10-58-560-6|9-52-585-3|2-21-564-4|10-58-560-4,5-28-514-1
318,0,0,0,0,0,7-41-590-1|2-21-558-1|1-87-1085-1|5-31-591-1|10-58-560-1|8-47-1348-3|10-58-560-2|2-21-557-2|2-21-564-3|8-47-1342-1|7-41-590-2|7-41-569-3|2-21-564-1|2-21-557-1|5-31-591-3,5-28-1700-4
319,0,0,0,0,0,7-41-590-1|10-58-559-5|2-21-564-3|10-58-560-2|10-58-559-3|2-21-558-1|2-21-564-4|10-58-560-3|2-21-564-5|2-21-564-6|2-21-557-2|10-58-560-1|10-58-559-7|2-21-556-2|2-21-564-7,5-31-1132-1
320,0,0,0,0,0,10-58-560-2|10-58-559-5|10-58-560-1|2-21-564-5|10-58-560-3|10-58-560-4|2-21-564-3|7-41-590-1|10-58-559-3|2-21-558-1|2-21-564-4|2-21-557-2|10-58-560-6|7-41-575-2|9-50-580-3,5-32-472-2
321,0,0,0,0,0,10-58-560-2|10-58-560-1|10-58-560-6|8-47-1348-3|2-21-557-2|10-58-559-5|10-58-559-7|10-58-559-3|10-58-559-2|10-58-560-4|10-58-560-3|2-21-558-1|7-41-590-1|9-50-580-3|8-47-1342-1,5-31-453-1
322,0,0,0,0,0,7-41-590-1|7-41-590-2|5-31-591-1|5-31-591-3|2-21-558-1|2-21-564-3|5-31-591-2|2-21-564-5|2-21-564-1|1-87-1085-1|2-21-564-6|8-45-563-1|2-21-564-7|10-58-560-2|7-41-569-3,5-32-902-1
323,0,0,0,0,0,7-41-590-1|2-21-558-1|9-52-585-3|9-52-585-2|9-50-580-3|9-50-580-1|10-58-560-2|2-21-557-2|10-58-560-1|2-21-564-3|9-50-580-2|8-45-563-2|8-45-563-1|9-51-364-1|10-57-565-1,5-31-457-4
324,0,0,0,0,0,7-41-590-1|5-31-591-1|2-21-564-3|5-31-591-3|7-41-590-2|2-21-558-1|10-58-560-2|2-21-557-2|2-21-564-1|5-31-591-2|10-58-560-1|2-21-564-5|2-21-564-7|1-87-1085-1|2-21-564-6,5-28-419-7
325,0,0,0,0,0,2-21-558-1|7-41-590-1|10-58-559-3|10-58-559-5|3-25-567-1|3-25-567-3|2-21-556-2|10-58-559-2|10-64-568-1|7-41-569-1|7-41-575-2|7-41-569-3|7-41-569-7|10-58-559-6|10-58-560-2,5-31-453-3
326,0,0,0,0,0,7-41-590-1|2-21-558-1|10-58-560-1|10-58-560-2|5-31-591-1|2-21-557-2|7-41-590-2|2-21-564-3|10-58-560-6|1-87-1085-1|10-58-560-4|7-41-569-3|8-47-1348-3|2-21-557-1|5-31-591-3,5-32-423-1
327,0,0,0,0,0,7-41-590-1|2-21-558-1|2-21-564-3|1-87-1085-1|10-58-560-2|9-50-580-3|10-58-560-1|9-50-580-1|9-52-585-3|2-21-557-2|7-41-590-2|8-47-1348-3|10-58-560-6|5-31-591-1|7-41-569-3,5-28-1511-1
328,0,0,0,0,0,5-28-525-1|5-28-525-2|8-47-1348-3|8-47-1348-2|10-58-560-2|8-47-1348-1|10-58-560-6|10-58-560-1|2-21-557-1|8-47-1348-4|1-87-1481-3|10-58-560-4|10-58-560-3|1-87-1481-2|2-21-557-2,5-28-525-3
329,0,0,0,0,0,7-41-590-1|5-31-591-1|2-21-557-2|8-47-1342-1|1-87-1085-1|5-31-591-2|7-41-590-2|10-58-560-1|2-21-557-1|5-31-591-3|7-41-569-2|2-21-558-1|8-47-1348-3|10-58-560-2|7-41-569-3,5-32-463-1
330,0,0,0,0,0,1-87-1085-1|7-41-590-1|2-21-558-1|1-87-1481-2|1-87-1481-3|9-50-580-3|9-52-585-3|4-97-1481-4|9-50-580-2|5-31-591-1|4-97-1481-3|10-58-560-1|10-58-560-2|9-50-580-1|7-41-590-2,5-29-486-6
331,0,0,0,0,0,7-41-590-1|7-41-590-2|5-31-591-3|5-31-591-1|5-31-591-2|7-41-569-7|9-52-366-1|9-51-582-1|9-50-580-2|9-50-580-3|9-51-364-1|9-52-585-1|9-52-585-3|1-87-1085-1|8-48-691-2,5-32-474-4
332,0,0,0,0,0,7-41-590-1|2-21-558-1|9-52-585-3|9-51-364-1|10-58-560-1|2-21-557-2|9-50-580-3|9-50-580-1|10-58-560-2|9-52-366-1|9-52-585-2|2-21-2274-2|9-50-365-1|5-31-591-1|9-50-580-2,5-30-1340-2
333,0,0,0,0,0,7-41-590-1|2-21-558-1|9-50-580-3|7-41-590-2|1-87-1085-1|9-52-585-3|2-21-557-2|9-50-580-2|10-58-560-1|5-31-591-1|9-50-580-1|10-58-560-2|2-21-564-4|2-21-564-3|2-21-564-1,5-28-1334-1
334,0,0,0,0,0,10-58-560-2|7-41-590-1|10-58-560-1|10-58-559-5|2-21-558-1|1-87-1085-1|10-58-560-3|10-58-559-3|10-58-560-6|2-21-564-3|2-21-557-2|2-21-564-5|7-41-569-3|10-58-560-4|10-58-559-2,5-31-457-2
335,0,0,0,0,0,10-57-565-6|10-57-565-10|10-58-559-6|3-25-567-3|10-57-565-9|10-57-565-11|7-41-575-2|10-57-565-13|7-41-569-7|7-41-575-3|3-25-567-1|9-52-585-1|10-65-587-3|10-57-565-12|10-58-560-3,5-32-467-3
336,0,0,0,0,0,7-41-590-1|1-87-1085-1|8-47-1342-1|5-31-591-1|10-58-560-1|1-87-1481-2|10-58-560-2|4-97-1481-2|10-58-560-6|2-21-557-2|1-87-1481-3|7-41-590-2|2-21-558-1|8-47-1348-3|4-97-1481-4,5-31-460-4
337,0,0,0,0,0,1-87-1085-1|7-41-590-1|9-50-580-3|9-50-580-2|9-50-580-1|2-21-564-4|1-87-1481-2|10-58-560-1|10-58-560-2|2-21-564-3|2-21-557-2|9-52-585-3|1-87-1481-3|2-21-564-5|2-21-558-1,5-28-514-3
338,0,0,0,0,0,10-58-560-2|10-58-560-1|10-58-559-3|10-58-560-6|10-58-559-5|2-21-557-2|2-21-558-1|10-58-560-4|10-58-560-3|10-58-559-2|2-21-564-3|9-50-580-3|9-52-585-3|7-41-590-1|2-21-564-5,5-32-705-1
339,0,0,0,0,0,7-41-590-1|2-21-558-1|1-87-1085-1|10-58-560-2|10-58-560-1|7-41-590-2|5-31-591-1|2-21-564-3|2-21-557-2|7-41-569-3|5-31-591-3|2-21-564-1|1-87-1481-3|10-58-560-4|7-41-569-2,5-29-698-1
340,0,0,0,0,0,7-41-590-1|7-41-590-2|7-41-575-2|7-41-569-7|2-21-558-1|3-25-567-3|7-41-575-1|3-25-567-1|7-41-569-3|7-41-569-1|5-31-591-1|5-31-591-3|7-41-575-4|7-41-575-3|7-41-569-6,5-32-741-1
341,0,0,0,0,0,7-41-590-1|10-58-560-2|2-21-564-3|10-58-560-1|2-21-558-1|2-21-557-2|7-41-590-2|5-31-591-1|2-21-564-5|1-87-1085-1|2-21-564-1|8-45-563-1|2-21-564-4|5-31-591-3|8-45-563-2,5-28-525-1
342,0,0,0,0,0,2-21-557-2|10-58-560-2|10-58-559-3|10-58-560-1|1-87-1085-1|2-21-558-1|10-58-559-5|10-58-560-6|5-31-591-1|10-58-559-2|10-58-560-4|7-41-590-1|3-25-567-1|2-21-556-2|10-58-559-7,5-28-859-1
343,0,0,0,0,0,7-41-590-1|7-41-590-2|5-31-591-1|2-21-558-1|2-21-564-3|5-31-591-3|10-58-560-2|10-58-560-1|7-41-569-3|2-21-564-1|1-87-1085-1|5-31-591-2|2-21-557-2|2-21-564-4|2-21-564-5,5-32-473-3
344,0,0,0,0,0,9-50-580-3|9-52-585-3|10-58-560-2|10-58-559-5|2-21-557-2|10-58-560-3|2-22-700-4|10-58-559-3|2-21-558-1|10-58-560-6|10-65-587-2|9-50-580-1|10-58-559-2|7-41-590-1|10-58-560-4,5-32-704-1
345,0,0,0,0,0,7-41-590-1|5-31-591-1|7-41-590-2|5-31-591-3|2-21-557-2|5-31-591-2|2-21-564-3|10-58-560-1|1-87-1085-1|1-87-1481-3|10-58-560-2|4-97-1481-4|2-21-558-1|7-43-574-1|7-41-569-3,5-33-1134-1
346,0,0,0,0,0,7-41-590-1|2-21-558-1|7-41-590-2|5-31-591-1|2-21-564-4|2-21-564-3|10-58-560-2|10-58-560-1|2-21-557-2|2-21-564-1|7-41-569-3|2-21-564-5|6-38-589-6|7-41-575-2|9-50-580-3,5-29-487-4
347,0,0,0,0,0,7-41-590-1|2-21-558-1|9-50-580-3|10-58-560-2|2-21-564-3|10-58-559-5|7-41-575-2|10-58-559-3|2-21-564-4|2-21-564-5|10-58-560-1|7-41-569-3|10-58-560-3|10-58-560-4|7-41-575-3,5-28-419-5
348,0,0,0,0,0,7-41-590-1|1-87-1085-1|9-50-580-3|9-50-580-2|10-58-560-1|9-50-580-1|10-58-560-2|9-52-585-3|2-21-557-2|5-31-591-1|10-58-560-6|2-21-558-1|2-21-564-3|10-58-560-4|1-87-1481-2,5-28-514-2
349,0,0,0,0,0,7-41-590-1|2-21-558-1|9-52-585-3|9-50-580-3|10-58-560-2|9-50-580-2|10-58-560-1|2-21-564-3|5-31-591-1|2-21-557-2|9-50-580-1|7-41-590-2|2-21-564-4|8-47-1342-1|2-21-564-5,5-32-474-1
350,0,0,0,0,0,10-58-560-2|7-41-590-1|10-58-560-6|2-21-558-1|2-21-557-2|10-58-560-1|2-21-556-2|10-58-559-5|10-58-559-3|10-65-587-2|7-41-569-3|2-21-557-3|2-21-564-3|9-51-364-1|9-50-580-3,5-31-483-3
351,0,0,0,0,0,2-21-558-1|9-52-585-3|9-52-585-2|9-51-364-1|9-50-365-1|2-21-557-2|10-58-560-2|9-52-366-1|10-58-559-5|9-52-585-1|7-41-590-1|10-58-560-1|10-58-559-3|8-47-1342-1|10-58-560-4,10-58-560-3
352,0,0,0,0,0,7-41-590-1|7-41-590-2|2-21-558-1|10-58-560-1|9-52-585-3|2-21-557-2|10-58-560-2|9-50-580-3|9-50-580-1|2-21-564-3|10-57-565-1|7-41-569-3|7-41-575-2|2-21-556-2|9-50-580-2,10-62-1269-3
353,0,0,0,0,0,7-41-590-1|10-58-560-2|2-21-558-1|2-21-564-3|10-58-559-5|10-58-560-1|2-21-556-2|2-21-557-2|10-58-559-3|2-21-564-4|7-41-575-2|10-58-559-2|7-41-569-3|2-21-564-5|2-21-564-7,10-57-1285-3
354,0,0,0,0,0,7-41-590-1|10-58-560-1|10-58-560-2|2-21-557-2|5-31-591-1|10-58-560-6|7-41-590-2|2-21-558-1|1-87-1085-1|6-38-589-4|8-47-1348-3|8-47-1348-1|2-21-564-3|6-38-589-6|7-41-569-3,10-65-420-4
355,0,0,0,0,0,7-41-590-1|2-21-558-1|10-58-560-2|10-58-560-1|10-58-559-5|10-58-559-3|7-41-569-3|10-58-560-6|10-58-560-4|10-58-559-2|2-21-557-2|2-21-564-3|10-58-560-3|2-21-556-2|3-25-567-1,10-65-408-8
356,0,0,0,0,0,10-58-560-2|2-21-564-3|10-58-560-1|2-21-558-1|2-21-564-7|10-58-560-6|2-21-557-2|2-21-564-5|10-58-559-5|1-87-1085-1|7-41-590-1|10-58-560-4|2-21-564-1|10-58-559-3|2-21-564-4,10-55-931-1
357,0,0,0,0,1,10-58-559-5|10-58-559-3|7-41-590-1|2-21-557-2|10-58-559-2|9-52-585-3|10-58-560-2|2-21-564-5|2-21-558-1|10-58-560-1|2-21-557-1|10-58-559-4|9-52-585-2|2-21-564-4|10-58-560-4,10-58-560-4
358,0,0,0,0,0,7-41-590-1|7-41-590-2|2-21-558-1|7-41-569-3|8-47-1342-1|7-41-569-1|2-21-557-2|7-41-575-2|7-41-569-2|7-41-569-7|2-21-564-3|7-43-574-1|2-21-557-1|9-51-364-1|7-41-569-6,10-60-2087-1
359,0,0,0,0,0,7-41-590-1|1-87-1085-1|9-50-580-3|5-31-591-1|9-50-580-2|10-58-560-1|9-50-580-1|10-58-560-2|2-21-557-2|2-21-564-3|1-87-1481-2|2-21-558-1|10-58-560-6|9-52-585-3|1-87-1481-3,10-89-514-2
360,0,0,0,0,0,7-41-590-1|1-87-1085-1|2-21-564-3|2-21-564-5|2-21-564-1|10-58-560-2|2-21-564-4|2-21-564-7|2-21-564-6|10-58-560-1|4-97-1481-3|5-31-591-1|2-21-558-1|2-21-564-2|2-21-557-2,10-55-841-1
361,0,0,0,0,0,7-41-590-1|5-31-591-1|7-41-590-2|1-87-1085-1|2-21-558-1|2-21-557-2|5-31-591-3|10-58-560-1|8-47-1348-3|7-41-569-3|10-58-560-2|7-41-569-2|5-31-591-2|2-21-564-3|9-52-585-3,10-55-1269-8
362,0,0,0,0,0,7-41-590-1|2-21-558-1|10-58-560-2|10-58-560-1|7-41-590-2|6-38-589-6|2-21-564-3|6-38-589-4|2-21-564-4|2-21-557-2|8-47-1348-3|1-87-1085-1|5-31-591-1|2-21-564-1|2-21-564-5,10-56-1174-1
363,0,0,0,0,0,7-41-590-1|10-58-560-2|10-58-559-5|10-58-559-3|2-21-558-1|10-58-560-1|10-58-560-6|10-58-559-2|2-21-557-2|7-41-569-3|10-58-560-4|1-87-1085-1|2-21-556-2|9-50-580-3|10-58-560-3,10-64-466-2
364,0,0,0,0,0,10-58-560-2|2-21-558-1|10-58-559-5|10-58-560-6|10-58-560-1|1-87-1085-1|2-21-564-3|10-58-559-3|10-58-560-4|7-41-590-1|10-58-560-3|2-21-557-2|2-21-556-2|10-58-559-2|10-58-559-7,10-55-818-3
365,0,0,0,0,0,7-41-590-1|1-87-1085-1|2-21-558-1|2-21-557-2|2-21-564-3|5-31-591-1|10-58-560-2|10-58-560-1|9-50-580-3|9-52-585-3|2-21-557-1|9-50-580-2|10-58-560-6|9-50-580-1|2-21-564-4,10-64-568-5
366,0,0,0,0,0,10-58-559-5|10-58-560-2|10-58-559-3|2-21-557-2|7-41-590-1|10-58-560-1|10-58-559-2|10-58-559-7|7-41-569-3|10-58-560-4|10-58-560-6|10-58-559-4|7-41-569-2|7-41-575-2|2-21-556-2,10-58-824-1
367,0,0,0,0,0,2-21-558-1|10-58-560-2|10-58-559-5|10-58-560-1|2-21-557-2|10-58-559-3|10-58-560-4|2-21-564-3|10-58-560-6|7-41-590-1|10-58-560-3|10-58-559-2|2-21-564-5|2-21-564-4|2-21-557-1,10-88-932-2
368,0,0,0,0,0,8-47-1342-1|2-21-558-1|5-31-2063-1|10-60-1141-5|5-28-1700-1|8-48-679-1|10-60-1141-1|9-52-366-1|6-86-691-2|4-91-714-1|7-41-590-1|1-87-1085-1|7-41-590-2|8-48-691-2|11-67-834-1,10-60-1141-8
369,0,0,0,0,0,9-51-364-1|9-52-585-3|9-50-365-1|9-52-366-1|2-21-558-1|9-52-585-2|10-58-559-3|9-52-585-1|10-58-559-5|7-41-590-1|10-58-559-2|2-21-557-2|8-47-1342-1|7-41-575-2|9-50-580-3,10-60-524-2
370,0,0,0,0,0,7-41-590-1|5-31-591-1|1-87-1085-1|7-41-590-2|2-21-557-2|8-47-1348-3|2-21-558-1|10-58-560-1|10-58-560-2|7-41-569-2|2-21-557-1|7-41-569-3|6-38-589-4|5-31-591-2|7-43-574-1,10-65-404-4
371,0,0,0,0,0,10-58-559-7|10-58-559-5|2-21-558-1|10-58-559-3|2-21-556-2|10-58-559-2|7-41-590-1|2-21-564-3|2-21-557-2|1-87-1085-1|2-21-556-4|10-58-559-4|7-41-569-2|8-47-1342-1|2-21-557-1,10-60-2087-9
372,0,0,0,0,0,2-21-558-1|7-41-590-1|2-21-557-2|7-41-569-3|8-47-1342-1|10-58-559-3|9-52-366-1|10-58-559-5|7-41-575-1|7-41-569-7|2-21-556-2|7-41-590-2|7-41-569-1|4-91-714-1|7-41-571-2,10-62-1269-6
373,0,0,0,1,1,9-51-364-1|9-50-365-1|2-21-558-1|9-52-366-1|2-21-557-2|10-58-559-3|10-58-559-5|9-52-585-3|10-58-560-2|10-58-560-6|9-52-585-2|10-58-560-1|10-58-560-4|9-50-580-3|10-58-559-2,10-58-559-3
374,0,1,1,1,1,2-21-2033-1|10-59-2033-1|3-90-2033-1|10-58-2033-1|10-58-560-2|10-58-560-3|5-31-591-3|9-50-580-3|2-21-564-3|10-58-560-4|10-58-559-5|10-58-560-1|2-21-564-5|2-21-558-1|10-58-560-6,10-59-2033-1
375,0,0,0,0,0,7-41-590-1|2-21-564-3|2-21-558-1|2-21-557-2|2-21-564-1|7-41-590-2|5-31-591-1|2-21-564-4|2-21-564-6|10-58-560-2|10-58-560-1|2-21-557-1|2-21-564-5|2-21-564-7|1-87-1085-1,10-94-2095-1
376,0,0,0,0,0,7-41-590-1|2-21-558-1|10-58-559-5|10-58-560-2|2-21-564-5|2-21-564-3|10-58-560-1|10-58-559-3|2-21-557-2|2-21-564-4|2-21-561-4|10-58-560-4|2-21-564-6|10-58-559-2|2-21-564-7,10-57-1270-3
377,0,0,0,0,0,10-58-560-2|1-87-1085-1|10-58-560-1|2-21-557-2|10-58-559-3|10-58-560-6|7-41-590-1|10-58-559-5|10-58-560-4|10-58-559-2|2-21-556-2|3-25-567-1|10-58-559-7|5-31-591-1|10-58-560-3,10-94-2095-2
378,0,0,0,0,0,10-58-559-3|10-58-559-7|10-58-560-2|10-58-559-5|1-87-1085-1|10-58-560-6|10-58-559-2|10-58-560-1|10-58-560-3|3-25-567-1|2-21-557-2|2-21-556-2|10-58-560-4|10-58-559-6|10-58-559-4,10-62-837-3
379,0,0,0,0,0,10-58-560-2|2-21-558-1|10-58-559-5|10-58-560-3|2-21-564-5|10-58-559-3|2-21-564-4|10-58-560-1|2-21-564-3|10-58-560-4|9-50-580-3|2-21-557-2|10-58-560-6|7-41-590-1|10-58-559-2,10-57-1645-2
380,0,0,0,0,0,10-58-560-2|2-21-558-1|10-58-560-1|10-58-559-5|10-58-560-6|9-50-580-3|10-58-559-3|10-58-560-3|10-58-560-4|7-41-590-1|9-52-585-3|2-21-557-2|10-58-559-2|2-21-564-3|9-52-585-2,10-55-1283-2
381,0,0,0,0,0,7-41-590-1|2-21-558-1|7-41-590-2|2-21-564-3|10-58-560-2|5-31-591-1|10-58-560-1|7-41-575-2|2-21-564-4|2-21-557-2|1-87-1085-1|2-21-564-1|2-21-564-5|7-41-569-3|2-21-564-6,10-65-427-3
382,0,0,0,0,0,7-41-590-1|7-41-590-2|5-31-591-3|1-87-1085-1|5-31-591-1|2-21-564-5|9-50-580-3|2-21-564-1|9-50-580-2|5-31-591-2|2-21-564-4|2-21-564-6|2-21-564-3|10-58-560-2|2-21-564-2,10-57-428-1
383,0,0,0,0,0,10-58-560-2|10-58-560-3|10-58-559-5|10-58-560-6|2-21-557-2|10-58-560-4|10-58-559-6|10-58-559-3|10-58-560-1|3-25-567-3|1-87-1085-1|2-21-557-1|10-58-559-4|2-21-558-1|7-41-590-1,10-57-431-3
384,0,0,0,0,0,10-58-560-2|10-58-560-1|10-58-560-6|10-58-560-4|10-58-560-3|10-58-559-3|10-58-559-5|2-21-557-2|2-21-558-1|9-50-580-3|10-58-559-2|1-87-1085-1|2-21-564-3|7-41-590-1|10-58-559-7,10-65-587-1
385,0,0,0,0,0,10-58-559-5|2-21-558-1|7-41-590-1|10-58-560-2|2-21-564-5|10-58-559-3|10-58-560-3|5-31-591-3|2-21-564-3|10-58-559-4|10-58-560-4|2-21-561-4|10-58-560-1|9-50-580-3|10-57-565-13,10-65-427-2
386,0,0,0,0,0,7-41-590-1|10-58-560-2|1-87-1085-1|10-58-560-1|2-21-557-2|2-21-564-3|5-31-591-1|2-21-558-1|10-58-560-6|10-58-559-5|2-21-557-1|7-41-590-2|2-21-564-4|8-47-1348-3|7-41-569-3,10-56-1174-2
387,0,0,0,0,0,7-41-590-1|5-31-591-1|7-41-590-2|5-31-591-3|1-87-1085-1|2-21-564-3|10-58-560-2|5-31-591-2|10-58-560-1|2-21-557-2|6-38-589-6|2-21-558-1|9-50-580-3|2-21-564-1|6-38-589-4,10-57-566-4
388,0,0,0,0,0,7-41-590-1|7-41-590-2|5-31-591-1|2-21-558-1|10-58-560-2|7-41-569-2|10-58-560-1|7-41-569-3|2-21-564-3|1-87-1085-1|2-21-557-2|2-21-564-1|5-31-591-3|5-31-591-2|9-50-580-3,10-94-2091-1
389,0,0,0,0,0,7-41-590-1|5-31-591-1|1-87-1085-1|2-21-564-3|10-58-560-2|2-21-557-2|10-58-560-1|2-21-558-1|2-21-564-7|2-21-564-1|7-41-590-2|2-21-564-5|2-21-564-4|2-21-557-1|2-21-564-6,10-57-1290-2
390,0,0,0,0,0,7-41-590-1|2-21-558-1|7-41-590-2|5-31-591-1|2-21-564-3|6-38-589-6|10-58-560-1|10-58-560-2|8-47-1348-3|1-87-1085-1|7-41-569-2|7-41-569-3|2-21-564-1|6-38-589-4|2-21-564-4,10-57-565-2
391,0,0,0,0,0,2-21-558-1|9-51-364-1|9-50-365-1|9-52-366-1|9-52-585-3|9-52-585-1|10-58-559-5|7-41-590-1|10-58-559-3|7-41-575-2|10-65-587-3|9-50-580-3|9-52-585-2|7-41-569-3|10-65-397-5,10-55-931-3
392,0,0,0,0,0,1-87-1085-1|10-58-560-2|10-58-560-6|2-21-558-1|10-58-560-1|10-58-559-3|10-58-560-4|10-58-559-5|9-50-580-3|10-58-560-3|9-52-585-3|10-58-559-2|9-50-580-1|2-21-557-2|4-97-1481-3,10-55-931-4
393,0,0,0,0,0,7-41-590-1|1-87-1085-1|5-31-591-3|5-31-591-1|10-58-560-2|2-21-564-3|7-41-590-2|1-87-1481-3|2-21-564-1|2-21-564-5|10-58-560-1|2-21-558-1|2-21-557-2|9-50-580-2|2-21-564-6,10-65-425-3
394,0,0,0,0,0,10-58-560-2|10-58-560-1|10-58-560-6|10-58-559-5|10-58-559-3|2-21-564-3|7-41-590-1|2-21-558-1|1-87-1085-1|2-21-557-2|2-21-556-2|10-58-559-2|10-58-559-7|10-58-560-5|10-58-560-4,10-89-1224-2
395,0,0,0,0,0,10-58-560-2|10-58-560-1|10-58-560-6|1-87-1085-1|4-97-1481-3|7-41-590-1|1-87-1481-2|10-58-560-4|10-58-559-5|2-21-564-3|10-58-560-3|10-58-559-3|1-87-1481-3|2-21-558-1|2-21-557-2,10-62-837-1
396,0,0,0,0,0,7-41-590-2|1-87-1085-1|7-41-590-1|9-50-580-2|5-31-591-3|9-50-580-3|9-51-582-1|8-44-1269-6|6-35-1274-3|9-50-580-1|9-52-585-1|2-21-558-1|8-47-1254-1|8-47-1348-3|2-21-564-2,10-62-1276-2
397,0,0,0,0,0,7-41-590-1|2-21-558-1|7-41-590-2|5-31-591-1|1-87-1085-1|2-21-557-2|8-47-1342-1|8-47-1348-3|7-41-569-3|8-47-1348-1|7-41-569-2|5-31-591-2|8-47-1254-1|7-41-575-2|10-58-560-1,10-60-1141-10
398,0,0,0,0,0,7-41-590-1|2-21-558-1|7-41-569-3|5-31-2063-1|9-52-585-3|7-41-569-1|2-21-557-2|7-41-575-2|8-47-1348-1|10-58-560-2|10-58-560-1|7-41-569-6|10-58-560-6|2-21-556-2|7-41-571-2,10-60-1141-12
399,0,0,0,0,0,7-41-590-1|2-21-558-1|10-58-559-5|10-58-559-3|10-58-560-2|7-41-575-2|9-50-580-3|10-58-560-1|10-58-559-2|7-41-569-3|2-21-564-3|2-21-557-2|2-21-561-4|2-21-556-2|5-31-591-1,10-65-420-2
400,0,0,0,0,0,10-58-560-2|10-58-559-5|10-58-559-3|10-58-560-1|2-21-558-1|1-87-1085-1|10-58-559-2|10-58-560-6|2-21-557-2|10-58-560-4|7-41-590-1|10-58-560-3|2-21-564-3|2-21-556-2|4-97-1481-2,10-88-929-2
401,0,0,0,0,0,10-58-560-2|10-58-560-1|10-58-559-5|2-21-558-1|10-58-559-3|10-58-560-6|2-21-557-2|7-41-590-1|10-58-560-4|10-58-560-3|10-58-559-2|1-87-1085-1|2-21-564-3|2-21-556-2|10-58-559-7,10-55-1283-1
402,0,0,0,0,0,7-41-590-1|2-21-558-1|2-21-564-5|10-58-560-2|2-21-564-3|10-58-559-5|2-21-564-4|10-58-560-1|7-41-575-2|7-41-569-3|2-21-564-7|10-58-559-3|2-21-561-4|2-21-564-6|7-39-570-2,10-65-402-4
403,0,0,0,0,0,7-41-590-1|5-31-591-1|1-87-1085-1|2-21-557-2|10-58-560-1|7-41-590-2|10-58-560-2|5-31-591-2|5-31-591-3|9-50-580-3|2-21-564-3|2-21-558-1|8-47-1342-1|2-21-557-1|10-58-560-6,10-88-933-1
404,0,0,0,0,0,2-21-558-1|7-41-590-1|2-21-557-2|2-21-556-2|10-58-559-3|10-58-559-5|10-58-560-2|10-58-559-2|10-58-560-1|2-21-557-1|7-41-575-2|7-41-569-3|9-52-366-1|2-21-557-3|10-58-560-6,10-88-934-2
405,0,0,0,0,0,7-41-590-1|9-50-580-3|1-87-1085-1|9-52-585-3|9-50-580-2|2-21-558-1|2-21-557-2|2-21-564-4|10-58-560-2|9-50-580-1|10-58-560-1|2-21-564-3|2-21-557-1|2-21-564-5|2-21-564-1,10-65-398-4
406,0,0,0,0,0,7-41-590-1|2-21-558-1|2-21-564-3|10-58-560-1|7-41-590-2|9-50-580-1|2-21-557-2|10-58-560-2|9-50-580-3|7-43-574-1|2-21-556-2|2-21-564-1|10-57-565-1|10-58-559-2|9-50-580-2,10-62-1269-2
407,0,0,0,0,0,10-58-560-2|10-58-560-3|10-58-560-1|10-58-559-5|10-58-560-4|7-41-590-1|10-58-560-6|10-58-559-7|10-58-560-5|2-21-561-4|3-25-567-1|2-21-558-1|2-21-557-2|10-58-559-3|7-41-590-2,10-62-1274-5
408,0,0,0,0,0,7-41-590-1|10-58-560-2|10-58-560-1|2-21-557-2|7-41-569-3|10-58-559-3|10-58-559-5|2-21-558-1|10-58-559-2|7-41-575-2|2-21-556-2|5-31-591-1|10-58-560-6|7-41-590-2|1-87-1085-1,10-65-424-5
409,0,0,0,0,0,1-87-1085-1|10-58-560-2|10-58-560-1|2-21-558-1|10-58-559-3|10-58-560-4|10-58-560-6|10-58-560-3|10-58-559-5|10-58-559-7|10-58-559-2|4-97-1481-3|2-21-557-2|3-25-567-1|4-97-1481-2,10-55-931-5
410,0,0,0,0,0,7-41-590-1|2-21-558-1|10-58-560-1|10-58-560-2|7-41-590-2|2-21-557-2|5-31-591-1|2-21-564-3|7-41-569-3|10-58-560-6|1-87-1085-1|2-21-557-1|10-58-560-4|8-47-1348-3|2-21-564-4,10-55-1275-2
411,0,0,0,0,0,7-41-590-1|10-58-560-2|10-58-560-1|2-21-558-1|10-58-560-6|7-41-590-2|7-41-569-3|7-41-575-2|2-21-557-2|10-58-559-3|10-58-560-4|2-21-556-2|1-87-1085-1|10-58-559-5|10-58-559-2,10-65-408-11
412,0,0,0,0,0,7-41-590-1|5-31-591-1|7-41-590-2|5-31-591-2|2-21-558-1|5-31-591-3|2-21-557-2|1-87-1481-3|10-58-560-1|4-97-1481-4|1-87-1085-1|9-52-366-1|9-51-364-1|9-52-585-3|8-47-1342-1,10-57-412-2
413,0,0,0,0,0,7-41-590-1|2-21-557-2|2-21-564-3|10-58-560-1|10-58-560-2|2-21-558-1|7-43-574-1|2-21-556-2|2-21-557-1|5-31-591-1|7-41-590-2|2-21-564-1|1-87-1085-1|10-58-559-2|9-50-580-1,10-89-1269-5
414,0,0,0,0,0,7-41-590-1|10-58-560-2|10-58-560-3|2-21-564-5|10-58-559-5|2-21-558-1|5-31-591-3|2-21-564-3|7-41-575-2|2-21-564-7|10-58-560-4|2-21-564-4|10-58-559-3|10-58-560-1|2-21-564-6,10-65-395-4
415,0,0,0,0,0,7-41-590-1|2-21-558-1|10-58-560-2|2-21-564-3|10-58-559-5|10-58-559-3|2-21-557-2|10-58-560-1|2-21-564-7|5-31-591-3|10-58-560-6|2-21-564-5|2-21-556-2|10-58-559-2|7-41-569-3,10-65-397-3
416,0,0,0,0,0,7-41-590-1|5-31-591-1|7-41-590-2|5-31-591-3|2-21-558-1|5-31-591-2|1-87-1085-1|2-21-564-3|10-58-560-1|2-21-557-2|10-58-560-2|7-43-574-1|7-41-569-3|6-38-589-4|6-38-589-6,10-57-1292-1
417,0,0,0,0,0,7-41-590-1|2-21-558-1|7-41-575-2|7-41-569-3|7-41-575-4|7-41-575-1|7-41-575-3|7-41-590-2|7-41-569-7|7-41-569-1|9-52-585-3|7-41-569-6|6-38-589-6|7-41-569-5|7-41-569-2,10-65-478-1
418,0,0,0,0,0,7-41-590-1|10-58-560-2|10-58-559-5|10-58-560-1|2-21-558-1|10-58-559-3|10-58-560-6|10-58-560-4|7-41-575-2|10-58-560-3|7-41-569-3|10-58-559-2|2-21-557-2|2-21-564-3|9-50-580-3,10-94-2094-1
419,0,0,0,0,0,7-41-590-1|7-41-569-3|2-21-558-1|9-52-585-3|10-58-560-1|10-58-560-2|2-21-557-2|7-41-569-1|7-41-590-2|7-41-575-2|2-21-556-2|10-58-560-6|6-38-589-4|6-38-589-6|7-41-569-7,10-65-420-7
420,0,0,0,0,0,2-21-558-1|10-58-559-5|10-58-559-3|10-58-560-2|8-47-1342-1|2-21-557-2|10-58-560-1|10-58-559-7|1-87-1085-1|10-58-559-2|10-58-560-6|10-58-560-4|10-58-560-3|8-47-1348-3|9-50-365-1,10-61-629-3
421,0,0,0,0,0,7-41-590-1|10-58-560-2|7-41-590-2|10-58-560-1|2-21-557-2|2-21-557-1|1-87-1085-1|9-50-580-2|2-21-557-3|10-58-559-5|5-31-591-3|5-31-591-1|10-58-560-6|9-50-580-1|10-58-560-4,10-59-1274-3
422,0,0,0,0,0,7-41-590-1|2-21-558-1|10-58-560-2|10-58-559-5|10-58-560-1|10-58-559-3|10-58-560-3|10-58-560-4|2-21-564-5|10-58-559-2|7-41-569-3|2-21-557-2|2-21-556-2|7-41-569-7|10-58-560-6,10-65-408-2
423,0,0,0,0,0,10-58-560-2|2-21-558-1|7-41-590-1|10-58-560-1|10-58-559-5|9-50-580-3|2-21-564-3|10-58-560-4|10-58-560-6|10-58-559-3|10-58-560-3|1-87-1085-1|5-31-591-3|10-57-565-1|4-97-1481-3,10-65-395-3
424,0,0,0,0,0,7-41-590-1|1-87-1085-1|10-58-560-2|10-58-560-1|2-21-558-1|5-31-591-1|2-21-557-2|2-21-564-4|2-21-564-3|2-21-564-1|10-58-560-4|7-41-569-3|10-58-560-6|10-58-559-5|7-41-590-2,10-61-629-2
425,0,0,0,0,0,2-21-558-1|10-58-560-2|2-21-556-2|10-58-560-1|10-58-559-2|2-21-557-2|10-58-559-3|10-58-559-5|8-44-1269-2|10-57-566-1|3-25-567-1|10-58-560-6|2-21-564-3|7-41-590-1|10-58-559-7,10-89-1269-2
426,0,0,0,0,0,7-41-590-1|10-58-560-2|10-58-560-1|2-21-557-2|5-31-591-1|1-87-1085-1|2-21-564-3|2-21-557-1|10-58-560-6|7-41-590-2|2-21-558-1|10-58-560-4|5-31-591-3|2-21-557-3|9-50-580-3,10-94-2092-1
427,0,0,0,0,0,1-87-1085-1|7-41-590-1|10-58-560-2|10-58-559-7|2-21-557-2|10-58-560-1|10-58-559-5|1-87-1481-2|10-58-559-3|5-31-591-1|8-47-1348-3|10-58-559-2|2-21-557-1|1-87-1481-3|2-21-564-1,10-59-1269-7
428,0,0,0,0,0,2-21-558-1|7-41-590-1|10-58-560-2|10-58-560-1|10-58-559-5|10-58-559-3|10-58-560-6|1-87-1085-1|4-97-1481-3|2-21-564-3|10-58-560-4|2-21-561-4|7-41-569-3|10-58-559-2|10-58-560-3,10-57-410-1
429,0,0,0,0,0,10-58-559-2|2-21-557-2|10-58-560-2|10-58-559-3|2-21-556-2|10-58-560-1|2-21-564-3|10-58-559-7|10-58-559-5|2-21-558-1|10-58-560-6|1-87-1085-1|2-21-557-1|2-21-564-7|2-21-556-1,10-62-1269-5
430,0,1,1,1,1,10-65-426-1|10-65-426-2|10-65-426-3|9-52-585-1|9-52-585-5|9-52-585-4|9-52-585-2|9-50-581-9|9-50-581-5|10-65-415-2|10-59-435-1|9-52-585-3|9-50-581-2|6-38-589-5|10-65-420-3,10-65-426-2
431,0,0,0,0,0,7-41-590-1|10-58-560-2|2-21-564-3|2-21-564-5|5-31-591-3|2-21-558-1|10-58-559-5|7-41-575-2|10-58-560-1|2-21-564-4|10-58-560-3|2-21-564-7|10-58-560-4|2-21-561-4|10-58-559-3,10-94-2099-1
432,0,0,0,0,0,7-41-590-1|2-21-558-1|10-58-560-2|10-58-559-5|7-41-569-3|7-41-575-2|10-58-560-1|1-87-1085-1|10-58-559-3|2-21-564-3|7-41-590-2|10-58-560-6|7-41-569-6|10-58-560-4|5-31-591-3,10-65-408-7
433,0,0,0,0,0,7-41-590-1|2-21-558-1|7-41-575-1|7-41-575-4|9-52-366-1|10-58-559-5|7-41-569-7|7-41-575-2|7-41-569-5|6-86-691-2|8-47-1342-1|7-41-569-6|2-21-557-2|9-51-364-1|10-58-559-4,10-89-1269-4
434,0,0,0,0,0,2-21-558-1|7-41-590-1|10-58-560-2|10-58-560-1|10-58-559-5|2-21-557-2|10-58-560-6|10-58-559-3|10-58-560-4|8-47-1348-1|9-52-585-3|7-41-569-3|7-41-575-2|10-58-559-2|7-41-569-1,10-88-936-2
435,0,0,0,0,0,7-41-590-1|7-41-575-1|2-21-558-1|9-52-366-1|7-41-575-4|8-47-1342-1|7-41-575-2|7-41-590-2|2-21-557-2|7-41-569-7|10-58-559-3|2-21-556-2|10-58-559-5|10-58-559-7|10-58-559-2,10-55-1269-4
436,0,0,0,0,0,2-21-564-5|10-58-560-3|10-58-560-2|2-21-564-4|5-31-591-3|2-21-564-7|10-57-565-13|2-21-564-6|2-21-564-3|10-58-559-5|2-21-561-4|2-21-564-1|10-58-560-4|7-41-575-3|9-50-580-3,10-57-1291-1
437,0,0,0,0,0,9-50-580-3|10-58-559-3|10-58-560-3|10-58-559-5|10-58-560-2|1-87-1085-1|10-58-560-4|10-58-560-1|10-58-559-2|10-58-560-6|2-21-564-4|2-21-557-2|9-52-585-3|10-58-559-7|10-58-559-4,10-89-514-3
438,0,0,0,0,0,10-58-560-2|2-21-564-3|2-21-564-5|2-21-558-1|10-58-559-5|2-21-564-4|10-58-559-3|10-58-560-1|2-21-564-7|2-21-557-2|10-58-560-3|7-41-590-1|10-58-560-4|10-58-560-6|2-21-564-6,10-55-1288-2
439,0,0,0,0,0,7-41-590-1|7-41-590-2|10-58-560-2|2-21-558-1|5-31-591-1|10-58-560-1|7-41-569-3|2-21-557-2|2-21-564-3|9-50-580-3|7-43-574-1|10-58-560-6|7-41-575-2|5-31-591-3|9-52-585-3,10-64-586-1
440,0,0,0,0,0,10-58-559-5|2-21-558-1|10-58-560-2|10-58-559-3|2-21-564-5|7-41-590-1|10-58-559-2|2-21-564-4|2-21-564-3|10-58-560-1|10-58-560-3|2-21-557-2|9-50-580-3|2-21-561-4|10-58-559-7,10-65-426-3
441,0,0,0,0,0,2-21-558-1|10-58-560-2|10-58-559-5|10-58-560-1|9-50-580-3|10-58-559-3|10-58-560-4|10-58-560-6|10-58-560-3|9-52-585-3|2-21-564-3|2-21-557-2|7-41-590-1|10-58-559-2|9-50-580-1,10-62-521-1
442,0,0,0,0,0,10-58-560-2|7-41-590-1|10-58-559-5|2-21-557-2|3-25-567-1|10-58-560-1|10-58-560-6|10-58-559-3|2-21-564-3|3-25-567-3|2-21-558-1|2-21-564-7|10-58-560-4|2-21-556-2|10-58-560-3,10-57-465-1
443,0,0,0,0,0,2-21-564-3|10-58-560-2|10-58-560-1|10-58-559-3|10-58-560-6|2-21-557-2|10-58-559-5|2-21-564-7|2-21-556-2|10-58-559-2|10-58-559-7|2-21-558-1|10-58-560-5|10-58-560-4|1-87-1085-1,10-65-395-5
444,0,0,0,1,1,10-57-411-1|10-65-415-2|10-57-429-2|10-57-411-2|10-65-424-2|10-57-411-3|10-59-435-2|10-94-2094-1|10-57-414-1|10-58-559-7|3-25-567-1|10-89-1224-3|3-25-567-3|10-94-2102-1|2-21-558-1,10-57-411-3
445,0,0,0,0,0,10-58-560-2|9-50-580-3|10-58-559-5|10-58-559-3|2-21-558-1|10-58-560-1|10-58-560-6|10-58-560-4|10-58-559-2|10-58-560-3|2-21-557-2|9-50-580-1|2-21-564-3|9-52-585-3|7-41-590-1,10-88-927-2
446,0,0,0,0,0,7-41-590-1|7-41-590-2|5-31-591-3|1-87-1085-1|9-50-580-2|5-31-591-1|9-50-580-3|2-21-564-3|2-21-564-7|2-21-564-1|2-21-564-6|2-21-557-1|2-21-564-5|5-31-591-2|2-21-557-2,10-94-2097-2
447,0,0,0,0,0,2-21-558-1|7-41-590-1|8-47-1342-1|7-41-575-2|7-41-569-3|9-52-585-3|10-58-559-5|7-41-575-4|7-41-569-6|6-38-589-4|7-41-575-1|7-41-569-1|9-52-366-1|10-58-559-3|7-41-569-7,10-57-565-12
448,0,0,0,0,0,7-41-590-1|5-31-591-1|1-87-1085-1|10-58-560-2|10-58-560-1|7-41-590-2|2-21-564-3|2-21-564-1|5-31-591-3|2-21-564-4|2-21-564-5|5-31-591-2|2-21-558-1|2-21-564-6|2-21-557-2,10-65-397-2
449,0,0,0,0,0,10-58-560-2|7-41-590-1|2-21-564-3|2-21-558-1|10-58-560-1|2-21-557-2|10-58-560-6|10-58-559-3|10-58-559-5|2-21-564-7|1-87-1085-1|2-21-556-2|2-21-564-4|10-58-559-2|2-21-564-1,10-65-415-5
450,0,0,0,0,0,7-41-590-1|1-87-1085-1|2-21-558-1|9-50-580-3|10-58-560-2|9-50-580-2|2-21-564-3|2-21-557-2|9-50-580-1|10-58-560-1|2-21-557-1|9-52-585-3|5-31-591-1|7-41-590-2|10-58-560-6,10-65-393-4
451,0,0,0,0,0,2-21-558-1|7-41-590-1|7-41-575-2|7-41-569-7|7-41-590-2|7-41-569-3|7-41-569-6|7-41-569-1|10-57-565-1|7-39-570-2|7-41-571-2|7-41-575-1|7-39-570-3|7-43-574-3|7-43-574-1,10-88-936-1
452,0,0,0,0,0,7-41-590-1|5-31-591-1|2-21-558-1|2-21-564-3|7-41-590-2|10-58-560-1|10-58-560-2|5-31-591-3|2-21-564-5|2-21-564-1|2-21-564-4|2-21-564-7|1-87-1085-1|2-21-564-6|2-21-557-2,10-65-398-3
453,0,0,0,0,0,7-41-590-1|10-58-560-2|10-58-560-1|2-21-558-1|10-58-559-3|10-58-560-6|10-58-559-5|2-21-557-2|10-58-559-2|7-41-569-3|7-41-575-2|9-52-585-3|10-58-560-4|2-21-556-2|9-50-580-3,10-65-420-6
454,0,0,0,0,0,7-41-590-1|10-58-559-3|10-58-559-5|2-21-558-1|10-58-559-2|10-58-560-2|10-58-559-7|10-58-560-1|3-25-567-1|10-58-560-6|2-21-556-2|7-41-590-2|2-21-557-2|1-87-1085-1|9-52-585-3,10-62-1272-2
455,0,0,0,0,0,2-21-558-1|7-41-590-1|10-58-559-5|10-58-559-3|10-58-560-2|9-50-580-3|10-58-560-1|10-58-559-2|2-21-557-2|10-58-560-4|10-58-560-6|2-21-564-3|7-41-575-2|10-58-560-3|10-65-587-2,10-88-933-4
456,0,0,0,0,0,10-58-560-2|7-41-590-1|10-58-559-5|10-58-559-3|10-58-560-1|2-21-558-1|2-21-564-3|2-21-557-2|10-58-559-2|10-58-560-6|2-21-564-5|10-58-560-4|2-21-564-7|10-58-560-3|2-21-564-4,10-88-934-1
457,0,0,0,0,1,2-21-558-1|1-87-1085-1|10-64-650-2|1-87-1481-3|8-47-1342-1|4-97-1481-4|1-87-1481-2|10-60-2087-1|10-58-560-2|5-31-2063-1|10-64-650-1|4-97-1481-2|2-21-557-2|4-97-1481-3|7-41-590-1,10-64-650-1
458,0,0,0,0,0,7-41-590-1|5-31-591-1|8-47-1342-1|2-21-557-2|5-31-591-3|1-87-1085-1|10-58-560-1|10-58-560-2|5-31-591-2|2-21-557-1|2-21-558-1|7-41-590-2|8-47-1348-3|10-58-560-6|10-58-559-5,10-55-933-2
459,0,0,0,0,0,7-41-590-1|2-21-558-1|10-58-560-2|10-58-560-1|10-58-559-5|10-58-559-3|7-41-569-3|10-58-559-2|7-41-569-1|10-58-560-4|10-58-560-6|2-21-557-2|7-41-569-7|7-41-575-2|7-41-569-6,10-64-650-2
460,0,0,0,0,0,7-41-590-1|9-52-366-1|7-41-575-2|2-21-558-1|9-51-364-1|3-25-567-1|10-58-559-5|7-41-569-7|7-41-590-2|3-25-567-3|9-52-585-3|2-21-556-2|10-58-559-3|7-41-569-3|9-52-585-1,10-57-414-3
461,0,0,0,0,0,2-21-558-1|9-51-364-1|9-52-585-3|10-58-559-3|10-58-559-5|10-58-560-2|2-21-557-2|9-52-585-2|9-52-366-1|10-58-560-1|9-50-365-1|10-58-560-6|10-58-559-2|10-58-560-4|7-41-590-1,10-55-1269-1
462,0,0,0,0,0,7-41-590-1|1-87-1085-1|5-31-591-1|2-21-557-2|5-31-591-2|10-58-560-1|2-21-558-1|10-58-560-2|5-31-591-3|1-87-1481-3|7-41-590-2|2-21-557-1|1-87-1481-2|8-47-1342-1|9-50-580-3,10-57-859-5
463,0,0,0,0,0,2-21-557-1|2-21-557-2|2-21-557-3|2-21-558-1|2-22-700-5|8-47-1342-1|8-46-826-1|10-58-559-5|8-47-1348-3|10-58-560-2|10-58-560-6|10-58-559-3|10-58-560-4|10-58-559-7|10-58-560-3,10-61-1790-1
464,0,0,0,0,0,2-21-558-1|8-47-1342-1|2-21-557-2|10-58-559-5|10-58-559-3|9-52-366-1|9-51-364-1|2-21-556-2|10-58-559-2|9-52-585-3|10-58-560-2|6-86-691-2|7-41-590-1|9-50-365-1|2-21-557-1,10-58-559-1
465,0,0,0,0,0,7-41-590-1|1-87-1085-1|7-41-590-2|10-58-560-2|8-47-1348-3|10-58-560-1|2-21-558-1|1-87-1481-3|9-50-580-2|2-21-564-3|9-50-580-1|2-21-557-2|9-50-580-3|2-21-557-1|5-31-591-1,10-62-1274-2
466,0,0,0,0,0,2-21-564-3|7-41-590-1|2-21-564-1|2-21-564-5|2-21-564-4|2-21-564-6|2-21-564-7|2-21-564-2|10-58-560-2|10-58-560-1|5-31-591-1|5-31-591-3|7-41-590-2|2-21-557-2|1-87-1085-1,10-64-647-1
467,0,0,0,0,0,7-41-590-1|2-21-557-2|8-47-1342-1|2-21-557-1|5-31-591-1|10-58-560-1|2-21-558-1|10-58-560-2|2-21-557-3|2-21-556-2|7-41-590-2|10-58-560-6|8-47-1348-3|1-87-1085-1|2-21-564-3,10-58-559-5
468,0,0,0,0,0,7-41-590-1|2-21-558-1|1-87-1085-1|7-41-590-2|1-87-1481-3|5-31-591-1|10-58-560-1|2-21-557-2|10-58-560-2|7-41-569-3|4-97-1481-4|8-47-1342-1|10-58-560-6|9-51-364-1|9-50-580-3,10-60-1141-2
469,0,0,0,0,0,7-41-590-1|2-21-558-1|7-41-569-3|8-47-1342-1|10-58-559-3|4-91-714-1|2-21-557-2|9-52-366-1|10-58-559-5|2-21-556-2|7-41-569-1|7-41-590-2|7-41-571-2|7-41-575-1|10-58-559-2,10-89-1269-6
470,0,0,0,0,0,10-58-560-2|10-58-559-3|10-58-560-1|10-58-559-5|7-41-590-1|2-21-558-1|10-58-560-6|10-58-559-2|1-87-1085-1|10-58-560-4|2-21-557-2|5-31-591-1|9-50-580-3|10-58-559-7|7-41-569-3,10-88-927-4
471,0,0,0,0,0,7-41-590-1|7-41-590-2|5-31-591-1|5-31-591-3|1-87-1085-1|2-21-558-1|7-41-569-3|2-21-564-3|5-31-591-2|7-41-569-2|10-58-560-2|10-58-560-1|2-21-557-2|7-41-575-2|7-43-574-1,10-57-565-8
472,0,0,0,0,0,7-41-590-1|10-58-560-2|10-58-560-1|2-21-557-2|5-31-591-1|10-58-560-6|10-58-559-3|10-58-559-5|2-21-556-2|5-31-591-3|10-58-560-3|10-58-560-4|10-58-559-2|9-52-585-3|7-41-575-2,10-60-1528-1
473,0,0,0,1,1,10-57-859-2|5-28-859-3|5-28-859-2|5-28-859-1|10-57-859-1|10-57-859-3|10-65-397-5|10-57-1291-3|5-28-859-4|10-57-566-1|10-60-1141-5|10-57-414-1|10-57-1645-3|10-57-1287-3|10-57-859-4,10-57-859-3
474,0,0,0,0,0,7-41-590-1|10-58-560-2|2-21-564-5|10-58-559-5|10-58-559-3|2-21-557-2|5-31-591-3|10-58-560-1|5-31-591-1|10-58-560-3|2-21-564-7|10-58-560-6|2-21-557-1|10-58-559-2|2-21-564-3,10-57-1278-5
475,0,0,0,0,0,7-41-590-1|8-47-1342-1|2-21-557-2|5-31-591-1|10-58-560-1|10-58-560-2|10-58-560-6|1-87-1085-1|2-21-557-1|7-41-590-2|2-21-564-3|10-58-559-3|5-31-591-2|5-31-591-3|7-41-569-3,4-27-1767-1
476,0,0,0,0,0,2-21-558-1|10-58-560-2|10-58-560-1|7-41-590-1|10-58-559-5|10-58-559-3|10-58-560-4|2-21-564-3|10-58-560-6|3-25-567-1|1-87-1085-1|10-58-559-2|2-21-557-2|10-58-559-7|5-31-591-1,4-91-1095-1
477,0,0,0,0,0,10-58-560-2|7-41-590-1|10-58-559-5|10-58-559-3|10-58-560-1|2-21-557-2|10-58-559-2|2-21-558-1|2-21-564-5|10-58-560-6|2-21-561-4|2-21-564-4|10-58-560-3|7-41-569-3|10-58-560-4,4-91-714-2
478,0,0,0,0,0,7-41-590-1|2-21-558-1|10-58-560-2|9-52-585-3|10-58-560-1|9-50-580-3|2-21-564-3|5-31-591-1|9-50-580-1|2-21-557-2|6-38-589-6|7-41-590-2|6-38-589-4|7-41-569-3|1-87-1085-1,4-91-633-2
479,0,0,0,0,0,7-41-590-1|10-58-560-1|1-87-1085-1|10-58-560-2|2-21-557-2|5-31-591-1|7-41-590-2|10-58-560-6|2-21-564-3|2-21-557-1|8-47-1342-1|10-58-560-4|8-47-1348-3|2-21-564-1|7-41-569-3,4-91-607-1
480,0,0,0,0,0,7-41-590-1|7-41-590-2|2-21-558-1|10-58-560-1|10-58-560-2|2-21-564-3|5-31-591-1|7-41-569-3|6-38-589-6|2-21-557-2|2-21-564-1|2-21-564-4|7-43-574-1|6-38-589-4|9-50-580-3,4-27-653-3
481,0,0,0,0,0,7-41-590-1|1-87-1085-1|7-41-590-2|2-21-564-3|2-21-558-1|5-31-591-1|2-21-564-1|10-58-560-2|1-87-1481-3|10-58-560-1|7-41-569-3|2-21-564-6|2-21-564-4|9-50-580-3|2-21-564-7,4-91-1164-1
482,0,0,0,0,0,7-41-590-1|9-52-585-3|2-21-558-1|9-50-580-2|9-50-580-3|9-50-580-1|1-87-1085-1|9-51-364-1|9-52-585-2|7-41-590-2|2-21-557-2|1-87-1481-3|9-51-582-2|5-31-591-1|9-51-582-4,4-91-631-3
483,0,0,0,0,0,2-21-564-3|7-41-590-1|10-58-560-2|2-21-564-7|2-21-558-1|2-21-564-5|10-58-560-1|2-21-564-1|2-21-564-4|2-21-564-6|10-58-559-5|10-58-559-3|10-58-560-6|1-87-1085-1|10-58-560-4,4-91-674-2
484,0,0,0,0,0,2-21-558-1|10-58-560-2|10-58-560-1|1-87-1085-1|10-58-560-6|2-21-557-2|10-58-560-4|2-21-564-3|10-58-559-5|10-58-560-3|10-58-559-7|10-58-559-3|2-21-556-2|7-41-590-1|3-25-567-1,4-27-436-1
485,0,0,0,0,0,2-21-558-1|9-52-585-3|10-58-560-2|10-58-560-1|9-52-585-2|7-41-590-1|2-21-557-2|10-58-559-5|9-50-580-3|10-58-560-6|10-58-559-3|10-58-560-4|9-52-585-1|9-50-580-1|7-41-569-3,4-27-454-2
486,0,0,0,0,0,2-21-558-1|7-41-590-1|10-58-560-2|10-58-560-1|10-58-560-4|9-52-585-3|10-58-560-3|7-41-569-3|9-51-364-1|10-58-560-6|9-52-585-2|10-58-559-5|9-52-585-1|2-21-557-2|9-50-580-3,4-27-653-1
487,0,0,0,0,0,2-21-558-1|9-51-364-1|7-41-590-1|9-52-585-3|10-58-560-2|10-58-560-1|9-52-366-1|9-50-365-1|9-52-585-2|10-58-560-6|8-47-1342-1|7-41-569-3|10-58-560-4|10-58-559-3|7-41-571-2,4-27-2423-1
488,0,0,0,0,0,7-41-590-1|2-21-557-2|5-31-591-1|10-58-560-1|10-58-560-2|1-87-1085-1|2-21-564-3|2-21-557-1|2-21-564-1|2-21-564-4|7-41-590-2|5-31-591-3|10-58-560-6|2-21-564-5|2-21-564-7,4-27-464-3
489,0,0,0,0,0,10-58-560-2|2-21-564-3|2-21-558-1|10-58-560-1|7-41-590-1|10-58-559-5|2-21-557-2|2-21-556-2|2-21-564-4|10-58-559-3|2-21-564-1|3-25-567-1|2-21-564-7|10-58-560-6|10-58-560-4,4-27-454-1
490,0,0,0,0,0,7-41-590-1|10-58-560-2|10-58-560-1|2-21-558-1|10-58-559-5|10-58-560-6|7-41-569-3|2-21-557-2|10-58-559-3|10-58-560-4|10-58-560-3|7-41-569-1|10-58-559-2|7-41-575-2|7-39-570-2,4-27-649-3
491,0,0,0,0,0,7-41-590-1|1-87-1085-1|2-21-558-1|2-21-564-3|10-58-560-2|10-58-560-1|1-87-1481-2|4-97-1481-3|1-87-1481-3|5-31-591-1|2-21-564-5|2-21-564-1|2-21-564-7|2-21-564-4|9-50-580-3,4-91-635-1
492,0,0,0,0,0,2-21-558-1|10-58-560-2|7-41-590-1|10-58-560-1|9-52-585-3|9-50-580-3|10-58-560-6|10-58-560-4|9-52-585-2|10-58-559-5|10-58-560-3|2-21-557-2|10-58-559-3|7-41-569-3|9-50-580-1,4-27-464-2
493,0,0,0,0,0,7-41-590-1|2-21-564-3|1-87-1085-1|10-58-560-2|2-21-558-1|2-21-564-5|2-21-564-1|10-58-560-1|5-31-591-1|2-21-564-7|2-21-564-4|2-21-564-6|2-21-557-2|2-21-564-2|5-31-591-3,4-27-434-2
494,0,0,0,0,0,10-58-559-7|8-47-1342-1|1-87-1085-1|10-58-560-6|2-21-557-2|10-58-560-2|10-58-559-5|2-21-557-1|10-58-559-3|10-58-560-1|10-58-559-2|2-21-556-2|10-58-559-1|5-31-591-1|2-21-557-3,4-27-1766-2
495,0,0,0,0,0,10-58-560-2|2-21-558-1|10-58-560-3|10-58-560-4|10-58-560-6|10-58-560-1|10-58-559-5|9-50-580-3|7-41-590-1|10-58-559-3|2-21-557-2|9-50-580-2|10-58-559-2|9-50-580-1|2-21-564-3,4-91-1213-1
496,0,0,0,0,0,7-41-590-1|2-21-564-3|7-41-590-2|2-21-564-1|2-21-564-7|5-31-591-3|2-21-564-5|2-21-564-6|5-31-591-1|2-21-564-4|2-21-564-2|9-50-580-3|10-58-560-2|1-87-1085-1|9-50-580-2,4-91-643-1
497,0,0,0,0,0,7-41-590-1|2-21-558-1|10-58-560-2|10-58-560-1|2-21-557-2|10-58-560-6|8-47-1348-1|7-41-569-3|9-52-585-3|10-58-560-4|7-41-569-1|10-58-559-5|10-58-559-3|10-58-559-2|2-21-557-3,4-97-1481-2
498,0,0,0,0,0,7-41-590-1|2-21-557-2|10-58-560-2|2-21-557-1|10-58-560-1|9-52-585-3|2-21-558-1|7-41-590-2|2-21-557-3|2-21-556-2|8-47-1342-1|10-58-559-5|10-58-560-6|9-52-585-2|10-58-559-3,4-91-638-1
499,0,0,0,0,0,7-41-590-1|7-41-590-2|5-31-591-1|1-87-1085-1|2-21-564-3|2-21-558-1|5-31-591-3|7-41-569-2|2-21-564-1|10-58-560-1|2-21-557-2|10-58-560-2|9-50-580-3|5-31-591-2|9-50-580-2,4-91-955-1
500,0,0,0,0,0,2-21-558-1|7-41-590-1|9-50-580-3|10-58-560-2|9-52-585-3|10-58-560-1|7-41-575-2|6-38-589-4|6-38-589-6|10-58-560-6|10-58-559-5|10-58-560-4|6-38-589-5|10-58-559-3|1-87-1481-3,4-27-653-2
